scenario,asset,feature_family,start_train_date,end_train_date,start_val_date,end_val_date,feature_path,feature_file,raw_path,raw_file,log_return_path,log_return_file
1,BNBUSDT,SMA,01/03/2022,30/06/2024,01/07/2024,30/07/2025,article-2/data,01-output-BNBUSDT_1d-from-2021-12-31 00:00:00-until-2025-07-31 00:00:00-technical_indicators.csv,article-1/data,BNBUSDT_1d_data_from_20210101_to_20251031.csv,article-1/data,01-output-BNBUSDT_1d-from-2021-12-31 00:00:00-until-2025-07-31 00:00:00-log-return.csv
2,BNBUSDT,EMA,01/03/2022,30/06/2024,01/07/2024,30/07/2025,article-2/data,01-output-BNBUSDT_1d-from-2021-12-31 00:00:00-until-2025-07-31 00:00:00-technical_indicators.csv,article-1/data,BNBUSDT_1d_data_from_20210101_to_20251031.csv,article-1/data,01-output-BNBUSDT_1d-from-2021-12-31 00:00:00-until-2025-07-31 00:00:00-log-return.csv
3,BNBUSDT,RSI,01/03/2022,30/06/2024,01/07/2024,30/07/2025,article-2/data,01-output-BNBUSDT_1d-from-2021-12-31 00:00:00-until-2025-07-31 00:00:00-technical_indicators.csv,article-1/data,BNBUSDT_1d_data_from_20210101_to_20251031.csv,article-1/data,01-output-BNBUSDT_1d-from-2021-12-31 00:00:00-until-2025-07-31 00:00:00-log-return.csv
4,BNBUSDT,MACD,01/03/2022,30/06/2024,01/07/2024,30/07/2025,article-2/data,01-output-BNBUSDT_1d-from-2021-12-31 00:00:00-until-2025-07-31 00:00:00-technical_indicators.csv,article-1/data,BNBUSDT_1d_data_from_20210101_to_20251031.csv,article-1/data,01-output-BNBUSDT_1d-from-2021-12-31 00:00:00-until-2025-07-31 00:00:00-log-return.csv
5,BNBUSDT,BB,01/03/2022,30/06/2024,01/07/2024,30/07/2025,article-2/data,01-output-BNBUSDT_1d-from-2021-12-31 00:00:00-until-2025-07-31 00:00:00-technical_indicators.csv,article-1/data,BNBUSDT_1d_data_from_20210101_to_20251031.csv,article-1/data,01-output-BNBUSDT_1d-from-2021-12-31 00:00:00-until-2025-07-31 00:00:00-log-return.csv
6,BNBUSDT,SO,01/03/2022,30/06/2024,01/07/2024,30/07/2025,article-2/data,01-output-BNBUSDT_1d-from-2021-12-31 00:00:00-until-2025-07-31 00:00:00-technical_indicators.csv,article-1/data,BNBUSDT_1d_data_from_20210101_to_20251031.csv,article-1/data,01-output-BNBUSDT_1d-from-2021-12-31 00:00:00-until-2025-07-31 00:00:00-log-return.csv
7,BNBUSDT,ATR,01/03/2022,30/06/2024,01/07/2024,30/07/2025,article-2/data,01-output-BNBUSDT_1d-from-2021-12-31 00:00:00-until-2025-07-31 00:00:00-technical_indicators.csv,article-1/data,BNBUSDT_1d_data_from_20210101_to_20251031.csv,article-1/data,01-output-BNBUSDT_1d-from-2021-12-31 00:00:00-until-2025-07-31 00:00:00-log-return.csv
8,BNBUSDT,lagged,01/03/2022,30/06/2024,01/07/2024,30/07/2025,article-1/data,02a-output-BNBUSDT_1d-log-return-lagged.csv,article-1/data,BNBUSDT_1d_data_from_20210101_to_20251031.csv,article-1/data,01-output-BNBUSDT_1d-from-2021-12-31 00:00:00-until-2025-07-31 00:00:00-log-return.csv
9,BNBUSDT,datetime,01/03/2022,30/06/2024,01/07/2024,30/07/2025,article-1/data,02b-output-BNBUSDT_1d-log-return-datetime.csv,article-1/data,BNBUSDT_1d_data_from_20210101_to_20251031.csv,article-1/data,01-output-BNBUSDT_1d-from-2021-12-31 00:00:00-until-2025-07-31 00:00:00-log-return.csv
10,BNBUSDT,difference_and_change,01/03/2022,30/06/2024,01/07/2024,30/07/2025,article-1/data,02c-output-BNBUSDT_1d-log-return-difference-and-change.csv,article-1/data,BNBUSDT_1d_data_from_20210101_to_20251031.csv,article-1/data,01-output-BNBUSDT_1d-from-2021-12-31 00:00:00-until-2025-07-31 00:00:00-log-return.csv
11,BNBUSDT,temporal_decomposition,01/03/2022,30/06/2024,01/07/2024,30/07/2025,article-1/data,02d-output-BNBUSDT_1d-log-return-temporal_decomposition.csv,article-1/data,BNBUSDT_1d_data_from_20210101_to_20251031.csv,article-1/data,01-output-BNBUSDT_1d-from-2021-12-31 00:00:00-until-2025-07-31 00:00:00-log-return.csv
12,BNBUSDT,time_delay_embedding,01/03/2022,30/06/2024,01/07/2024,30/07/2025,article-1/data,02e-output-BNBUSDT_1d-log-return-time-delay-embedding.csv,article-1/data,BNBUSDT_1d_data_from_20210101_to_20251031.csv,article-1/data,01-output-BNBUSDT_1d-from-2021-12-31 00:00:00-until-2025-07-31 00:00:00-log-return.csv
13,BNBUSDT,TDA_TD_72_SS_336,01/03/2022,30/06/2024,01/07/2024,30/07/2025,article-1/results/processed_log_return_wtmra_0_BNBUSDT_1h_time_delay_72_slice_size_336/features,features_BNBUSDT_1h_time_delay_72_slice_size_336.csv,article-1/data,BNBUSDT_1d_data_from_20210101_to_20251031.csv,article-1/data,01-output-BNBUSDT_1d-from-2021-12-31 00:00:00-until-2025-07-31 00:00:00-log-return.csv
14,BNBUSDT,TDA_TD_72_SS_504,01/03/2022,30/06/2024,01/07/2024,30/07/2025,article-1/results/processed_log_return_wtmra_0_BNBUSDT_1h_time_delay_72_slice_size_504/features,features_BNBUSDT_1h_time_delay_72_slice_size_504.csv,article-1/data,BNBUSDT_1d_data_from_20210101_to_20251031.csv,article-1/data,01-output-BNBUSDT_1d-from-2021-12-31 00:00:00-until-2025-07-31 00:00:00-log-return.csv
15,BNBUSDT,TDA_TD_72_SS_720,01/03/2022,30/06/2024,01/07/2024,30/07/2025,article-1/results/processed_log_return_wtmra_0_BNBUSDT_1h_time_delay_72_slice_size_720/features,features_BNBUSDT_1h_time_delay_72_slice_size_720.csv,article-1/data,BNBUSDT_1d_data_from_20210101_to_20251031.csv,article-1/data,01-output-BNBUSDT_1d-from-2021-12-31 00:00:00-until-2025-07-31 00:00:00-log-return.csv
16,BNBUSDT,TDA_TD_72_SS_1080,01/03/2022,30/06/2024,01/07/2024,30/07/2025,article-1/results/processed_log_return_wtmra_0_BNBUSDT_1h_time_delay_72_slice_size_1080/features,features_BNBUSDT_1h_time_delay_72_slice_size_1080.csv,article-1/data,BNBUSDT_1d_data_from_20210101_to_20251031.csv,article-1/data,01-output-BNBUSDT_1d-from-2021-12-31 00:00:00-until-2025-07-31 00:00:00-log-return.csv
17,BNBUSDT,TDA_TD_168_SS_336,01/03/2022,30/06/2024,01/07/2024,30/07/2025,article-1/results/processed_log_return_wtmra_0_BNBUSDT_1h_time_delay_168_slice_size_336/features,features_BNBUSDT_1h_time_delay_168_slice_size_336.csv,article-1/data,BNBUSDT_1d_data_from_20210101_to_20251031.csv,article-1/data,01-output-BNBUSDT_1d-from-2021-12-31 00:00:00-until-2025-07-31 00:00:00-log-return.csv
18,BNBUSDT,TDA_TD_168_SS_504,01/03/2022,30/06/2024,01/07/2024,30/07/2025,article-1/results/processed_log_return_wtmra_0_BNBUSDT_1h_time_delay_168_slice_size_504/features,features_BNBUSDT_1h_time_delay_168_slice_size_504.csv,article-1/data,BNBUSDT_1d_data_from_20210101_to_20251031.csv,article-1/data,01-output-BNBUSDT_1d-from-2021-12-31 00:00:00-until-2025-07-31 00:00:00-log-return.csv
19,BNBUSDT,TDA_TD_168_SS_720,01/03/2022,30/06/2024,01/07/2024,30/07/2025,article-1/results/processed_log_return_wtmra_0_BNBUSDT_1h_time_delay_168_slice_size_720/features,features_BNBUSDT_1h_time_delay_168_slice_size_720.csv,article-1/data,BNBUSDT_1d_data_from_20210101_to_20251031.csv,article-1/data,01-output-BNBUSDT_1d-from-2021-12-31 00:00:00-until-2025-07-31 00:00:00-log-return.csv
20,BNBUSDT,TDA_TD_168_SS_1080,01/03/2022,30/06/2024,01/07/2024,30/07/2025,article-1/results/processed_log_return_wtmra_0_BNBUSDT_1h_time_delay_168_slice_size_1080/features,features_BNBUSDT_1h_time_delay_168_slice_size_1080.csv,article-1/data,BNBUSDT_1d_data_from_20210101_to_20251031.csv,article-1/data,01-output-BNBUSDT_1d-from-2021-12-31 00:00:00-until-2025-07-31 00:00:00-log-return.csv
21,BNBUSDT,FRUITS,01/03/2022,30/06/2024,01/07/2024,30/07/2025,article-2/data,01-output-BNBUSDT_1d-from-2021-12-31 00:00:00-until-2025-07-31 00:00:00-fruits.csv,article-1/data,BNBUSDT_1d_data_from_20210101_to_20251031.csv,article-1/data,01-output-BNBUSDT_1d-from-2021-12-31 00:00:00-until-2025-07-31 00:00:00-log-return.csv
22,BNBUSDT,NetF,01/03/2022,30/06/2024,01/07/2024,30/07/2025,article-2/data,01-output-BNBUSDT_1d-from-2021-12-31 00:00:00-until-2025-07-31 00:00:00-netf.csv,article-1/data,BNBUSDT_1d_data_from_20210101_to_20251031.csv,article-1/data,01-output-BNBUSDT_1d-from-2021-12-31 00:00:00-until-2025-07-31 00:00:00-log-return.csv
23,BNBUSDT,baseline,01/03/2022,30/06/2024,01/07/2024,30/07/2025,article-2/data,01-output-BNBUSDT_1d-from-2021-12-31 00:00:00-until-2025-07-31 00:00:00-OLHC_features.csv,article-1/data,BNBUSDT_1d_data_from_20210101_to_20251031.csv,article-1/data,01-output-BNBUSDT_1d-from-2021-12-31 00:00:00-until-2025-07-31 00:00:00-log-return.csv
24,BTCUSDT,SMA,01/03/2022,30/06/2024,01/07/2024,30/07/2025,article-2/data,01-output-BTCUSDT_1d-from-2021-12-31 00:00:00-until-2025-07-31 00:00:00-technical_indicators.csv,article-1/data,BTCUSDT_1d_data_from_20210101_to_20251031.csv,article-1/data,01-output-BTCUSDT_1d-from-2021-12-31 00:00:00-until-2025-07-31 00:00:00-log-return.csv
25,BTCUSDT,EMA,01/03/2022,30/06/2024,01/07/2024,30/07/2025,article-2/data,01-output-BTCUSDT_1d-from-2021-12-31 00:00:00-until-2025-07-31 00:00:00-technical_indicators.csv,article-1/data,BTCUSDT_1d_data_from_20210101_to_20251031.csv,article-1/data,01-output-BTCUSDT_1d-from-2021-12-31 00:00:00-until-2025-07-31 00:00:00-log-return.csv
26,BTCUSDT,RSI,01/03/2022,30/06/2024,01/07/2024,30/07/2025,article-2/data,01-output-BTCUSDT_1d-from-2021-12-31 00:00:00-until-2025-07-31 00:00:00-technical_indicators.csv,article-1/data,BTCUSDT_1d_data_from_20210101_to_20251031.csv,article-1/data,01-output-BTCUSDT_1d-from-2021-12-31 00:00:00-until-2025-07-31 00:00:00-log-return.csv
27,BTCUSDT,MACD,01/03/2022,30/06/2024,01/07/2024,30/07/2025,article-2/data,01-output-BTCUSDT_1d-from-2021-12-31 00:00:00-until-2025-07-31 00:00:00-technical_indicators.csv,article-1/data,BTCUSDT_1d_data_from_20210101_to_20251031.csv,article-1/data,01-output-BTCUSDT_1d-from-2021-12-31 00:00:00-until-2025-07-31 00:00:00-log-return.csv
28,BTCUSDT,BB,01/03/2022,30/06/2024,01/07/2024,30/07/2025,article-2/data,01-output-BTCUSDT_1d-from-2021-12-31 00:00:00-until-2025-07-31 00:00:00-technical_indicators.csv,article-1/data,BTCUSDT_1d_data_from_20210101_to_20251031.csv,article-1/data,01-output-BTCUSDT_1d-from-2021-12-31 00:00:00-until-2025-07-31 00:00:00-log-return.csv
29,BTCUSDT,SO,01/03/2022,30/06/2024,01/07/2024,30/07/2025,article-2/data,01-output-BTCUSDT_1d-from-2021-12-31 00:00:00-until-2025-07-31 00:00:00-technical_indicators.csv,article-1/data,BTCUSDT_1d_data_from_20210101_to_20251031.csv,article-1/data,01-output-BTCUSDT_1d-from-2021-12-31 00:00:00-until-2025-07-31 00:00:00-log-return.csv
30,BTCUSDT,ATR,01/03/2022,30/06/2024,01/07/2024,30/07/2025,article-2/data,01-output-BTCUSDT_1d-from-2021-12-31 00:00:00-until-2025-07-31 00:00:00-technical_indicators.csv,article-1/data,BTCUSDT_1d_data_from_20210101_to_20251031.csv,article-1/data,01-output-BTCUSDT_1d-from-2021-12-31 00:00:00-until-2025-07-31 00:00:00-log-return.csv
31,BTCUSDT,lagged,01/03/2022,30/06/2024,01/07/2024,30/07/2025,article-1/data,02a-output-BTCUSDT_1d-log-return-lagged.csv,article-1/data,BTCUSDT_1d_data_from_20210101_to_20251031.csv,article-1/data,01-output-BTCUSDT_1d-from-2021-12-31 00:00:00-until-2025-07-31 00:00:00-log-return.csv
32,BTCUSDT,datetime,01/03/2022,30/06/2024,01/07/2024,30/07/2025,article-1/data,02b-output-BTCUSDT_1d-log-return-datetime.csv,article-1/data,BTCUSDT_1d_data_from_20210101_to_20251031.csv,article-1/data,01-output-BTCUSDT_1d-from-2021-12-31 00:00:00-until-2025-07-31 00:00:00-log-return.csv
33,BTCUSDT,difference_and_change,01/03/2022,30/06/2024,01/07/2024,30/07/2025,article-1/data,02c-output-BTCUSDT_1d-log-return-difference-and-change.csv,article-1/data,BTCUSDT_1d_data_from_20210101_to_20251031.csv,article-1/data,01-output-BTCUSDT_1d-from-2021-12-31 00:00:00-until-2025-07-31 00:00:00-log-return.csv
34,BTCUSDT,temporal_decomposition,01/03/2022,30/06/2024,01/07/2024,30/07/2025,article-1/data,02d-output-BTCUSDT_1d-log-return-temporal_decomposition.csv,article-1/data,BTCUSDT_1d_data_from_20210101_to_20251031.csv,article-1/data,01-output-BTCUSDT_1d-from-2021-12-31 00:00:00-until-2025-07-31 00:00:00-log-return.csv
35,BTCUSDT,time_delay_embedding,01/03/2022,30/06/2024,01/07/2024,30/07/2025,article-1/data,02e-output-BTCUSDT_1d-log-return-time-delay-embedding.csv,article-1/data,BTCUSDT_1d_data_from_20210101_to_20251031.csv,article-1/data,01-output-BTCUSDT_1d-from-2021-12-31 00:00:00-until-2025-07-31 00:00:00-log-return.csv
36,BTCUSDT,TDA_TD_72_SS_336,01/03/2022,30/06/2024,01/07/2024,30/07/2025,article-1/results/processed_log_return_wtmra_0_BTCUSDT_1h_time_delay_72_slice_size_336/features,features_BTCUSDT_1h_time_delay_72_slice_size_336.csv,article-1/data,BTCUSDT_1d_data_from_20210101_to_20251031.csv,article-1/data,01-output-BTCUSDT_1d-from-2021-12-31 00:00:00-until-2025-07-31 00:00:00-log-return.csv
37,BTCUSDT,TDA_TD_72_SS_504,01/03/2022,30/06/2024,01/07/2024,30/07/2025,article-1/results/processed_log_return_wtmra_0_BTCUSDT_1h_time_delay_72_slice_size_504/features,features_BTCUSDT_1h_time_delay_72_slice_size_504.csv,article-1/data,BTCUSDT_1d_data_from_20210101_to_20251031.csv,article-1/data,01-output-BTCUSDT_1d-from-2021-12-31 00:00:00-until-2025-07-31 00:00:00-log-return.csv
38,BTCUSDT,TDA_TD_72_SS_720,01/03/2022,30/06/2024,01/07/2024,30/07/2025,article-1/results/processed_log_return_wtmra_0_BTCUSDT_1h_time_delay_72_slice_size_720/features,features_BTCUSDT_1h_time_delay_72_slice_size_720.csv,article-1/data,BTCUSDT_1d_data_from_20210101_to_20251031.csv,article-1/data,01-output-BTCUSDT_1d-from-2021-12-31 00:00:00-until-2025-07-31 00:00:00-log-return.csv
39,BTCUSDT,TDA_TD_72_SS_1080,01/03/2022,30/06/2024,01/07/2024,30/07/2025,article-1/results/processed_log_return_wtmra_0_BTCUSDT_1h_time_delay_72_slice_size_1080/features,features_BTCUSDT_1h_time_delay_72_slice_size_1080.csv,article-1/data,BTCUSDT_1d_data_from_20210101_to_20251031.csv,article-1/data,01-output-BTCUSDT_1d-from-2021-12-31 00:00:00-until-2025-07-31 00:00:00-log-return.csv
40,BTCUSDT,TDA_TD_168_SS_336,01/03/2022,30/06/2024,01/07/2024,30/07/2025,article-1/results/processed_log_return_wtmra_0_BTCUSDT_1h_time_delay_168_slice_size_336/features,features_BTCUSDT_1h_time_delay_168_slice_size_336.csv,article-1/data,BTCUSDT_1d_data_from_20210101_to_20251031.csv,article-1/data,01-output-BTCUSDT_1d-from-2021-12-31 00:00:00-until-2025-07-31 00:00:00-log-return.csv
41,BTCUSDT,TDA_TD_168_SS_504,01/03/2022,30/06/2024,01/07/2024,30/07/2025,article-1/results/processed_log_return_wtmra_0_BTCUSDT_1h_time_delay_168_slice_size_504/features,features_BTCUSDT_1h_time_delay_168_slice_size_504.csv,article-1/data,BTCUSDT_1d_data_from_20210101_to_20251031.csv,article-1/data,01-output-BTCUSDT_1d-from-2021-12-31 00:00:00-until-2025-07-31 00:00:00-log-return.csv
42,BTCUSDT,TDA_TD_168_SS_720,01/03/2022,30/06/2024,01/07/2024,30/07/2025,article-1/results/processed_log_return_wtmra_0_BTCUSDT_1h_time_delay_168_slice_size_720/features,features_BTCUSDT_1h_time_delay_168_slice_size_720.csv,article-1/data,BTCUSDT_1d_data_from_20210101_to_20251031.csv,article-1/data,01-output-BTCUSDT_1d-from-2021-12-31 00:00:00-until-2025-07-31 00:00:00-log-return.csv
43,BTCUSDT,TDA_TD_168_SS_1080,01/03/2022,30/06/2024,01/07/2024,30/07/2025,article-1/results/processed_log_return_wtmra_0_BTCUSDT_1h_time_delay_168_slice_size_1080/features,features_BTCUSDT_1h_time_delay_168_slice_size_1080.csv,article-1/data,BTCUSDT_1d_data_from_20210101_to_20251031.csv,article-1/data,01-output-BTCUSDT_1d-from-2021-12-31 00:00:00-until-2025-07-31 00:00:00-log-return.csv
44,BTCUSDT,FRUITS,01/03/2022,30/06/2024,01/07/2024,30/07/2025,article-2/data,01-output-BTCUSDT_1d-from-2021-12-31 00:00:00-until-2025-07-31 00:00:00-fruits.csv,article-1/data,BTCUSDT_1d_data_from_20210101_to_20251031.csv,article-1/data,01-output-BTCUSDT_1d-from-2021-12-31 00:00:00-until-2025-07-31 00:00:00-log-return.csv
45,BTCUSDT,NetF,01/03/2022,30/06/2024,01/07/2024,30/07/2025,article-2/data,01-output-BTCUSDT_1d-from-2021-12-31 00:00:00-until-2025-07-31 00:00:00-netf.csv,article-1/data,BTCUSDT_1d_data_from_20210101_to_20251031.csv,article-1/data,01-output-BTCUSDT_1d-from-2021-12-31 00:00:00-until-2025-07-31 00:00:00-log-return.csv
46,BTCUSDT,baseline,01/03/2022,30/06/2024,01/07/2024,30/07/2025,article-2/data,01-output-BTCUSDT_1d-from-2021-12-31 00:00:00-until-2025-07-31 00:00:00-OLHC_features.csv,article-1/data,BTCUSDT_1d_data_from_20210101_to_20251031.csv,article-1/data,01-output-BTCUSDT_1d-from-2021-12-31 00:00:00-until-2025-07-31 00:00:00-log-return.csv
47,ETHUSDT,SMA,01/03/2022,30/06/2024,01/07/2024,30/07/2025,article-2/data,01-output-ETHUSDT_1d-from-2021-12-31 00:00:00-until-2025-07-31 00:00:00-technical_indicators.csv,article-1/data,ETHUSDT_1d_data_from_20210101_to_20251031.csv,article-1/data,01-output-ETHUSDT_1d-from-2021-12-31 00:00:00-until-2025-07-31 00:00:00-log-return.csv
48,ETHUSDT,EMA,01/03/2022,30/06/2024,01/07/2024,30/07/2025,article-2/data,01-output-ETHUSDT_1d-from-2021-12-31 00:00:00-until-2025-07-31 00:00:00-technical_indicators.csv,article-1/data,ETHUSDT_1d_data_from_20210101_to_20251031.csv,article-1/data,01-output-ETHUSDT_1d-from-2021-12-31 00:00:00-until-2025-07-31 00:00:00-log-return.csv
49,ETHUSDT,RSI,01/03/2022,30/06/2024,01/07/2024,30/07/2025,article-2/data,01-output-ETHUSDT_1d-from-2021-12-31 00:00:00-until-2025-07-31 00:00:00-technical_indicators.csv,article-1/data,ETHUSDT_1d_data_from_20210101_to_20251031.csv,article-1/data,01-output-ETHUSDT_1d-from-2021-12-31 00:00:00-until-2025-07-31 00:00:00-log-return.csv
50,ETHUSDT,MACD,01/03/2022,30/06/2024,01/07/2024,30/07/2025,article-2/data,01-output-ETHUSDT_1d-from-2021-12-31 00:00:00-until-2025-07-31 00:00:00-technical_indicators.csv,article-1/data,ETHUSDT_1d_data_from_20210101_to_20251031.csv,article-1/data,01-output-ETHUSDT_1d-from-2021-12-31 00:00:00-until-2025-07-31 00:00:00-log-return.csv
51,ETHUSDT,BB,01/03/2022,30/06/2024,01/07/2024,30/07/2025,article-2/data,01-output-ETHUSDT_1d-from-2021-12-31 00:00:00-until-2025-07-31 00:00:00-technical_indicators.csv,article-1/data,ETHUSDT_1d_data_from_20210101_to_20251031.csv,article-1/data,01-output-ETHUSDT_1d-from-2021-12-31 00:00:00-until-2025-07-31 00:00:00-log-return.csv
52,ETHUSDT,SO,01/03/2022,30/06/2024,01/07/2024,30/07/2025,article-2/data,01-output-ETHUSDT_1d-from-2021-12-31 00:00:00-until-2025-07-31 00:00:00-technical_indicators.csv,article-1/data,ETHUSDT_1d_data_from_20210101_to_20251031.csv,article-1/data,01-output-ETHUSDT_1d-from-2021-12-31 00:00:00-until-2025-07-31 00:00:00-log-return.csv
53,ETHUSDT,ATR,01/03/2022,30/06/2024,01/07/2024,30/07/2025,article-2/data,01-output-ETHUSDT_1d-from-2021-12-31 00:00:00-until-2025-07-31 00:00:00-technical_indicators.csv,article-1/data,ETHUSDT_1d_data_from_20210101_to_20251031.csv,article-1/data,01-output-ETHUSDT_1d-from-2021-12-31 00:00:00-until-2025-07-31 00:00:00-log-return.csv
54,ETHUSDT,lagged,01/03/2022,30/06/2024,01/07/2024,30/07/2025,article-1/data,02a-output-ETHUSDT_1d-log-return-lagged.csv,article-1/data,ETHUSDT_1d_data_from_20210101_to_20251031.csv,article-1/data,01-output-ETHUSDT_1d-from-2021-12-31 00:00:00-until-2025-07-31 00:00:00-log-return.csv
55,ETHUSDT,datetime,01/03/2022,30/06/2024,01/07/2024,30/07/2025,article-1/data,02b-output-ETHUSDT_1d-log-return-datetime.csv,article-1/data,ETHUSDT_1d_data_from_20210101_to_20251031.csv,article-1/data,01-output-ETHUSDT_1d-from-2021-12-31 00:00:00-until-2025-07-31 00:00:00-log-return.csv
56,ETHUSDT,difference_and_change,01/03/2022,30/06/2024,01/07/2024,30/07/2025,article-1/data,02c-output-ETHUSDT_1d-log-return-difference-and-change.csv,article-1/data,ETHUSDT_1d_data_from_20210101_to_20251031.csv,article-1/data,01-output-ETHUSDT_1d-from-2021-12-31 00:00:00-until-2025-07-31 00:00:00-log-return.csv
57,ETHUSDT,temporal_decomposition,01/03/2022,30/06/2024,01/07/2024,30/07/2025,article-1/data,02d-output-ETHUSDT_1d-log-return-temporal_decomposition.csv,article-1/data,ETHUSDT_1d_data_from_20210101_to_20251031.csv,article-1/data,01-output-ETHUSDT_1d-from-2021-12-31 00:00:00-until-2025-07-31 00:00:00-log-return.csv
58,ETHUSDT,time_delay_embedding,01/03/2022,30/06/2024,01/07/2024,30/07/2025,article-1/data,02e-output-ETHUSDT_1d-log-return-time-delay-embedding.csv,article-1/data,ETHUSDT_1d_data_from_20210101_to_20251031.csv,article-1/data,01-output-ETHUSDT_1d-from-2021-12-31 00:00:00-until-2025-07-31 00:00:00-log-return.csv
59,ETHUSDT,TDA_TD_72_SS_336,01/03/2022,30/06/2024,01/07/2024,30/07/2025,article-1/results/processed_log_return_wtmra_0_ETHUSDT_1h_time_delay_72_slice_size_336/features,features_ETHUSDT_1h_time_delay_72_slice_size_336.csv,article-1/data,ETHUSDT_1d_data_from_20210101_to_20251031.csv,article-1/data,01-output-ETHUSDT_1d-from-2021-12-31 00:00:00-until-2025-07-31 00:00:00-log-return.csv
60,ETHUSDT,TDA_TD_72_SS_504,01/03/2022,30/06/2024,01/07/2024,30/07/2025,article-1/results/processed_log_return_wtmra_0_ETHUSDT_1h_time_delay_72_slice_size_504/features,features_ETHUSDT_1h_time_delay_72_slice_size_504.csv,article-1/data,ETHUSDT_1d_data_from_20210101_to_20251031.csv,article-1/data,01-output-ETHUSDT_1d-from-2021-12-31 00:00:00-until-2025-07-31 00:00:00-log-return.csv
61,ETHUSDT,TDA_TD_72_SS_720,01/03/2022,30/06/2024,01/07/2024,30/07/2025,article-1/results/processed_log_return_wtmra_0_ETHUSDT_1h_time_delay_72_slice_size_720/features,features_ETHUSDT_1h_time_delay_72_slice_size_720.csv,article-1/data,ETHUSDT_1d_data_from_20210101_to_20251031.csv,article-1/data,01-output-ETHUSDT_1d-from-2021-12-31 00:00:00-until-2025-07-31 00:00:00-log-return.csv
62,ETHUSDT,TDA_TD_72_SS_1080,01/03/2022,30/06/2024,01/07/2024,30/07/2025,article-1/results/processed_log_return_wtmra_0_ETHUSDT_1h_time_delay_72_slice_size_1080/features,features_ETHUSDT_1h_time_delay_72_slice_size_1080.csv,article-1/data,ETHUSDT_1d_data_from_20210101_to_20251031.csv,article-1/data,01-output-ETHUSDT_1d-from-2021-12-31 00:00:00-until-2025-07-31 00:00:00-log-return.csv
63,ETHUSDT,TDA_TD_168_SS_336,01/03/2022,30/06/2024,01/07/2024,30/07/2025,article-1/results/processed_log_return_wtmra_0_ETHUSDT_1h_time_delay_168_slice_size_336/features,features_ETHUSDT_1h_time_delay_168_slice_size_336.csv,article-1/data,ETHUSDT_1d_data_from_20210101_to_20251031.csv,article-1/data,01-output-ETHUSDT_1d-from-2021-12-31 00:00:00-until-2025-07-31 00:00:00-log-return.csv
64,ETHUSDT,TDA_TD_168_SS_504,01/03/2022,30/06/2024,01/07/2024,30/07/2025,article-1/results/processed_log_return_wtmra_0_ETHUSDT_1h_time_delay_168_slice_size_504/features,features_ETHUSDT_1h_time_delay_168_slice_size_504.csv,article-1/data,ETHUSDT_1d_data_from_20210101_to_20251031.csv,article-1/data,01-output-ETHUSDT_1d-from-2021-12-31 00:00:00-until-2025-07-31 00:00:00-log-return.csv
65,ETHUSDT,TDA_TD_168_SS_720,01/03/2022,30/06/2024,01/07/2024,30/07/2025,article-1/results/processed_log_return_wtmra_0_ETHUSDT_1h_time_delay_168_slice_size_720/features,features_ETHUSDT_1h_time_delay_168_slice_size_720.csv,article-1/data,ETHUSDT_1d_data_from_20210101_to_20251031.csv,article-1/data,01-output-ETHUSDT_1d-from-2021-12-31 00:00:00-until-2025-07-31 00:00:00-log-return.csv
66,ETHUSDT,TDA_TD_168_SS_1080,01/03/2022,30/06/2024,01/07/2024,30/07/2025,article-1/results/processed_log_return_wtmra_0_ETHUSDT_1h_time_delay_168_slice_size_1080/features,features_ETHUSDT_1h_time_delay_168_slice_size_1080.csv,article-1/data,ETHUSDT_1d_data_from_20210101_to_20251031.csv,article-1/data,01-output-ETHUSDT_1d-from-2021-12-31 00:00:00-until-2025-07-31 00:00:00-log-return.csv
67,ETHUSDT,FRUITS,01/03/2022,30/06/2024,01/07/2024,30/07/2025,article-2/data,01-output-ETHUSDT_1d-from-2021-12-31 00:00:00-until-2025-07-31 00:00:00-fruits.csv,article-1/data,ETHUSDT_1d_data_from_20210101_to_20251031.csv,article-1/data,01-output-ETHUSDT_1d-from-2021-12-31 00:00:00-until-2025-07-31 00:00:00-log-return.csv
68,ETHUSDT,NetF,01/03/2022,30/06/2024,01/07/2024,30/07/2025,article-2/data,01-output-ETHUSDT_1d-from-2021-12-31 00:00:00-until-2025-07-31 00:00:00-netf.csv,article-1/data,ETHUSDT_1d_data_from_20210101_to_20251031.csv,article-1/data,01-output-ETHUSDT_1d-from-2021-12-31 00:00:00-until-2025-07-31 00:00:00-log-return.csv
69,ETHUSDT,baseline,01/03/2022,30/06/2024,01/07/2024,30/07/2025,article-2/data,01-output-ETHUSDT_1d-from-2021-12-31 00:00:00-until-2025-07-31 00:00:00-OLHC_features.csv,article-1/data,ETHUSDT_1d_data_from_20210101_to_20251031.csv,article-1/data,01-output-ETHUSDT_1d-from-2021-12-31 00:00:00-until-2025-07-31 00:00:00-log-return.csv
70,XRPUSDT,SMA,01/03/2022,30/06/2024,01/07/2024,30/07/2025,article-2/data,01-output-XRPUSDT_1d-from-2021-12-31 00:00:00-until-2025-07-31 00:00:00-technical_indicators.csv,article-1/data,XRPUSDT_1d_data_from_20210101_to_20251031.csv,article-1/data,01-output-XRPUSDT_1d-from-2021-12-31 00:00:00-until-2025-07-31 00:00:00-log-return.csv
71,XRPUSDT,EMA,01/03/2022,30/06/2024,01/07/2024,30/07/2025,article-2/data,01-output-XRPUSDT_1d-from-2021-12-31 00:00:00-until-2025-07-31 00:00:00-technical_indicators.csv,article-1/data,XRPUSDT_1d_data_from_20210101_to_20251031.csv,article-1/data,01-output-XRPUSDT_1d-from-2021-12-31 00:00:00-until-2025-07-31 00:00:00-log-return.csv
72,XRPUSDT,RSI,01/03/2022,30/06/2024,01/07/2024,30/07/2025,article-2/data,01-output-XRPUSDT_1d-from-2021-12-31 00:00:00-until-2025-07-31 00:00:00-technical_indicators.csv,article-1/data,XRPUSDT_1d_data_from_20210101_to_20251031.csv,article-1/data,01-output-XRPUSDT_1d-from-2021-12-31 00:00:00-until-2025-07-31 00:00:00-log-return.csv
73,XRPUSDT,MACD,01/03/2022,30/06/2024,01/07/2024,30/07/2025,article-2/data,01-output-XRPUSDT_1d-from-2021-12-31 00:00:00-until-2025-07-31 00:00:00-technical_indicators.csv,article-1/data,XRPUSDT_1d_data_from_20210101_to_20251031.csv,article-1/data,01-output-XRPUSDT_1d-from-2021-12-31 00:00:00-until-2025-07-31 00:00:00-log-return.csv
74,XRPUSDT,BB,01/03/2022,30/06/2024,01/07/2024,30/07/2025,article-2/data,01-output-XRPUSDT_1d-from-2021-12-31 00:00:00-until-2025-07-31 00:00:00-technical_indicators.csv,article-1/data,XRPUSDT_1d_data_from_20210101_to_20251031.csv,article-1/data,01-output-XRPUSDT_1d-from-2021-12-31 00:00:00-until-2025-07-31 00:00:00-log-return.csv
75,XRPUSDT,SO,01/03/2022,30/06/2024,01/07/2024,30/07/2025,article-2/data,01-output-XRPUSDT_1d-from-2021-12-31 00:00:00-until-2025-07-31 00:00:00-technical_indicators.csv,article-1/data,XRPUSDT_1d_data_from_20210101_to_20251031.csv,article-1/data,01-output-XRPUSDT_1d-from-2021-12-31 00:00:00-until-2025-07-31 00:00:00-log-return.csv
76,XRPUSDT,ATR,01/03/2022,30/06/2024,01/07/2024,30/07/2025,article-2/data,01-output-XRPUSDT_1d-from-2021-12-31 00:00:00-until-2025-07-31 00:00:00-technical_indicators.csv,article-1/data,XRPUSDT_1d_data_from_20210101_to_20251031.csv,article-1/data,01-output-XRPUSDT_1d-from-2021-12-31 00:00:00-until-2025-07-31 00:00:00-log-return.csv
77,XRPUSDT,lagged,01/03/2022,30/06/2024,01/07/2024,30/07/2025,article-1/data,02a-output-XRPUSDT_1d-log-return-lagged.csv,article-1/data,XRPUSDT_1d_data_from_20210101_to_20251031.csv,article-1/data,01-output-XRPUSDT_1d-from-2021-12-31 00:00:00-until-2025-07-31 00:00:00-log-return.csv
78,XRPUSDT,datetime,01/03/2022,30/06/2024,01/07/2024,30/07/2025,article-1/data,02b-output-XRPUSDT_1d-log-return-datetime.csv,article-1/data,XRPUSDT_1d_data_from_20210101_to_20251031.csv,article-1/data,01-output-XRPUSDT_1d-from-2021-12-31 00:00:00-until-2025-07-31 00:00:00-log-return.csv
79,XRPUSDT,difference_and_change,01/03/2022,30/06/2024,01/07/2024,30/07/2025,article-1/data,02c-output-XRPUSDT_1d-log-return-difference-and-change.csv,article-1/data,XRPUSDT_1d_data_from_20210101_to_20251031.csv,article-1/data,01-output-XRPUSDT_1d-from-2021-12-31 00:00:00-until-2025-07-31 00:00:00-log-return.csv
80,XRPUSDT,temporal_decomposition,01/03/2022,30/06/2024,01/07/2024,30/07/2025,article-1/data,02d-output-XRPUSDT_1d-log-return-temporal_decomposition.csv,article-1/data,XRPUSDT_1d_data_from_20210101_to_20251031.csv,article-1/data,01-output-XRPUSDT_1d-from-2021-12-31 00:00:00-until-2025-07-31 00:00:00-log-return.csv
81,XRPUSDT,time_delay_embedding,01/03/2022,30/06/2024,01/07/2024,30/07/2025,article-1/data,02e-output-XRPUSDT_1d-log-return-time-delay-embedding.csv,article-1/data,XRPUSDT_1d_data_from_20210101_to_20251031.csv,article-1/data,01-output-XRPUSDT_1d-from-2021-12-31 00:00:00-until-2025-07-31 00:00:00-log-return.csv
82,XRPUSDT,TDA_TD_72_SS_336,01/03/2022,30/06/2024,01/07/2024,30/07/2025,article-1/results/processed_log_return_wtmra_0_XRPUSDT_1h_time_delay_72_slice_size_336/features,features_XRPUSDT_1h_time_delay_72_slice_size_336.csv,article-1/data,XRPUSDT_1d_data_from_20210101_to_20251031.csv,article-1/data,01-output-XRPUSDT_1d-from-2021-12-31 00:00:00-until-2025-07-31 00:00:00-log-return.csv
83,XRPUSDT,TDA_TD_72_SS_504,01/03/2022,30/06/2024,01/07/2024,30/07/2025,article-1/results/processed_log_return_wtmra_0_XRPUSDT_1h_time_delay_72_slice_size_504/features,features_XRPUSDT_1h_time_delay_72_slice_size_504.csv,article-1/data,XRPUSDT_1d_data_from_20210101_to_20251031.csv,article-1/data,01-output-XRPUSDT_1d-from-2021-12-31 00:00:00-until-2025-07-31 00:00:00-log-return.csv
84,XRPUSDT,TDA_TD_72_SS_720,01/03/2022,30/06/2024,01/07/2024,30/07/2025,article-1/results/processed_log_return_wtmra_0_XRPUSDT_1h_time_delay_72_slice_size_720/features,features_XRPUSDT_1h_time_delay_72_slice_size_720.csv,article-1/data,XRPUSDT_1d_data_from_20210101_to_20251031.csv,article-1/data,01-output-XRPUSDT_1d-from-2021-12-31 00:00:00-until-2025-07-31 00:00:00-log-return.csv
85,XRPUSDT,TDA_TD_72_SS_1080,01/03/2022,30/06/2024,01/07/2024,30/07/2025,article-1/results/processed_log_return_wtmra_0_XRPUSDT_1h_time_delay_72_slice_size_1080/features,features_XRPUSDT_1h_time_delay_72_slice_size_1080.csv,article-1/data,XRPUSDT_1d_data_from_20210101_to_20251031.csv,article-1/data,01-output-XRPUSDT_1d-from-2021-12-31 00:00:00-until-2025-07-31 00:00:00-log-return.csv
86,XRPUSDT,TDA_TD_168_SS_336,01/03/2022,30/06/2024,01/07/2024,30/07/2025,article-1/results/processed_log_return_wtmra_0_XRPUSDT_1h_time_delay_168_slice_size_336/features,features_XRPUSDT_1h_time_delay_168_slice_size_336.csv,article-1/data,XRPUSDT_1d_data_from_20210101_to_20251031.csv,article-1/data,01-output-XRPUSDT_1d-from-2021-12-31 00:00:00-until-2025-07-31 00:00:00-log-return.csv
87,XRPUSDT,TDA_TD_168_SS_504,01/03/2022,30/06/2024,01/07/2024,30/07/2025,article-1/results/processed_log_return_wtmra_0_XRPUSDT_1h_time_delay_168_slice_size_504/features,features_XRPUSDT_1h_time_delay_168_slice_size_504.csv,article-1/data,XRPUSDT_1d_data_from_20210101_to_20251031.csv,article-1/data,01-output-XRPUSDT_1d-from-2021-12-31 00:00:00-until-2025-07-31 00:00:00-log-return.csv
88,XRPUSDT,TDA_TD_168_SS_720,01/03/2022,30/06/2024,01/07/2024,30/07/2025,article-1/results/processed_log_return_wtmra_0_XRPUSDT_1h_time_delay_168_slice_size_720/features,features_XRPUSDT_1h_time_delay_168_slice_size_720.csv,article-1/data,XRPUSDT_1d_data_from_20210101_to_20251031.csv,article-1/data,01-output-XRPUSDT_1d-from-2021-12-31 00:00:00-until-2025-07-31 00:00:00-log-return.csv
89,XRPUSDT,TDA_TD_168_SS_1080,01/03/2022,30/06/2024,01/07/2024,30/07/2025,article-1/results/processed_log_return_wtmra_0_XRPUSDT_1h_time_delay_168_slice_size_1080/features,features_XRPUSDT_1h_time_delay_168_slice_size_1080.csv,article-1/data,XRPUSDT_1d_data_from_20210101_to_20251031.csv,article-1/data,01-output-XRPUSDT_1d-from-2021-12-31 00:00:00-until-2025-07-31 00:00:00-log-return.csv
90,XRPUSDT,FRUITS,01/03/2022,30/06/2024,01/07/2024,30/07/2025,article-2/data,01-output-XRPUSDT_1d-from-2021-12-31 00:00:00-until-2025-07-31 00:00:00-fruits.csv,article-1/data,XRPUSDT_1d_data_from_20210101_to_20251031.csv,article-1/data,01-output-XRPUSDT_1d-from-2021-12-31 00:00:00-until-2025-07-31 00:00:00-log-return.csv
91,XRPUSDT,NetF,01/03/2022,30/06/2024,01/07/2024,30/07/2025,article-2/data,01-output-XRPUSDT_1d-from-2021-12-31 00:00:00-until-2025-07-31 00:00:00-netf.csv,article-1/data,XRPUSDT_1d_data_from_20210101_to_20251031.csv,article-1/data,01-output-XRPUSDT_1d-from-2021-12-31 00:00:00-until-2025-07-31 00:00:00-log-return.csv
92,XRPUSDT,baseline,01/03/2022,30/06/2024,01/07/2024,30/07/2025,article-2/data,01-output-XRPUSDT_1d-from-2021-12-31 00:00:00-until-2025-07-31 00:00:00-OLHC_features.csv,article-1/data,XRPUSDT_1d_data_from_20210101_to_20251031.csv,article-1/data,01-output-XRPUSDT_1d-from-2021-12-31 00:00:00-until-2025-07-31 00:00:00-log-return.csv
93,ADAUSDT,SMA,01/03/2022,30/06/2024,01/07/2024,30/07/2025,article-2/data,01-output-ADAUSDT_1d-from-2021-12-31 00:00:00-until-2025-07-31 00:00:00-technical_indicators.csv,article-1/data,ADAUSDT_1d_data_from_20210101_to_20251031.csv,article-1/data,01-output-ADAUSDT_1d-from-2021-12-31 00:00:00-until-2025-07-31 00:00:00-log-return.csv
94,ADAUSDT,EMA,01/03/2022,30/06/2024,01/07/2024,30/07/2025,article-2/data,01-output-ADAUSDT_1d-from-2021-12-31 00:00:00-until-2025-07-31 00:00:00-technical_indicators.csv,article-1/data,ADAUSDT_1d_data_from_20210101_to_20251031.csv,article-1/data,01-output-ADAUSDT_1d-from-2021-12-31 00:00:00-until-2025-07-31 00:00:00-log-return.csv
95,ADAUSDT,RSI,01/03/2022,30/06/2024,01/07/2024,30/07/2025,article-2/data,01-output-ADAUSDT_1d-from-2021-12-31 00:00:00-until-2025-07-31 00:00:00-technical_indicators.csv,article-1/data,ADAUSDT_1d_data_from_20210101_to_20251031.csv,article-1/data,01-output-ADAUSDT_1d-from-2021-12-31 00:00:00-until-2025-07-31 00:00:00-log-return.csv
96,ADAUSDT,MACD,01/03/2022,30/06/2024,01/07/2024,30/07/2025,article-2/data,01-output-ADAUSDT_1d-from-2021-12-31 00:00:00-until-2025-07-31 00:00:00-technical_indicators.csv,article-1/data,ADAUSDT_1d_data_from_20210101_to_20251031.csv,article-1/data,01-output-ADAUSDT_1d-from-2021-12-31 00:00:00-until-2025-07-31 00:00:00-log-return.csv
97,ADAUSDT,BB,01/03/2022,30/06/2024,01/07/2024,30/07/2025,article-2/data,01-output-ADAUSDT_1d-from-2021-12-31 00:00:00-until-2025-07-31 00:00:00-technical_indicators.csv,article-1/data,ADAUSDT_1d_data_from_20210101_to_20251031.csv,article-1/data,01-output-ADAUSDT_1d-from-2021-12-31 00:00:00-until-2025-07-31 00:00:00-log-return.csv
98,ADAUSDT,SO,01/03/2022,30/06/2024,01/07/2024,30/07/2025,article-2/data,01-output-ADAUSDT_1d-from-2021-12-31 00:00:00-until-2025-07-31 00:00:00-technical_indicators.csv,article-1/data,ADAUSDT_1d_data_from_20210101_to_20251031.csv,article-1/data,01-output-ADAUSDT_1d-from-2021-12-31 00:00:00-until-2025-07-31 00:00:00-log-return.csv
99,ADAUSDT,ATR,01/03/2022,30/06/2024,01/07/2024,30/07/2025,article-2/data,01-output-ADAUSDT_1d-from-2021-12-31 00:00:00-until-2025-07-31 00:00:00-technical_indicators.csv,article-1/data,ADAUSDT_1d_data_from_20210101_to_20251031.csv,article-1/data,01-output-ADAUSDT_1d-from-2021-12-31 00:00:00-until-2025-07-31 00:00:00-log-return.csv
100,ADAUSDT,lagged,01/03/2022,30/06/2024,01/07/2024,30/07/2025,article-1/data,02a-output-ADAUSDT_1d-log-return-lagged.csv,article-1/data,ADAUSDT_1d_data_from_20210101_to_20251031.csv,article-1/data,01-output-ADAUSDT_1d-from-2021-12-31 00:00:00-until-2025-07-31 00:00:00-log-return.csv
101,ADAUSDT,datetime,01/03/2022,30/06/2024,01/07/2024,30/07/2025,article-1/data,02b-output-ADAUSDT_1d-log-return-datetime.csv,article-1/data,ADAUSDT_1d_data_from_20210101_to_20251031.csv,article-1/data,01-output-ADAUSDT_1d-from-2021-12-31 00:00:00-until-2025-07-31 00:00:00-log-return.csv
102,ADAUSDT,difference_and_change,01/03/2022,30/06/2024,01/07/2024,30/07/2025,article-1/data,02c-output-ADAUSDT_1d-log-return-difference-and-change.csv,article-1/data,ADAUSDT_1d_data_from_20210101_to_20251031.csv,article-1/data,01-output-ADAUSDT_1d-from-2021-12-31 00:00:00-until-2025-07-31 00:00:00-log-return.csv
103,ADAUSDT,temporal_decomposition,01/03/2022,30/06/2024,01/07/2024,30/07/2025,article-1/data,02d-output-ADAUSDT_1d-log-return-temporal_decomposition.csv,article-1/data,ADAUSDT_1d_data_from_20210101_to_20251031.csv,article-1/data,01-output-ADAUSDT_1d-from-2021-12-31 00:00:00-until-2025-07-31 00:00:00-log-return.csv
104,ADAUSDT,time_delay_embedding,01/03/2022,30/06/2024,01/07/2024,30/07/2025,article-1/data,02e-output-ADAUSDT_1d-log-return-time-delay-embedding.csv,article-1/data,ADAUSDT_1d_data_from_20210101_to_20251031.csv,article-1/data,01-output-ADAUSDT_1d-from-2021-12-31 00:00:00-until-2025-07-31 00:00:00-log-return.csv
105,ADAUSDT,TDA_TD_72_SS_336,01/03/2022,30/06/2024,01/07/2024,30/07/2025,article-1/results/processed_log_return_wtmra_0_ADAUSDT_1h_time_delay_72_slice_size_336/features,features_ADAUSDT_1h_time_delay_72_slice_size_336.csv,article-1/data,ADAUSDT_1d_data_from_20210101_to_20251031.csv,article-1/data,01-output-ADAUSDT_1d-from-2021-12-31 00:00:00-until-2025-07-31 00:00:00-log-return.csv
106,ADAUSDT,TDA_TD_72_SS_504,01/03/2022,30/06/2024,01/07/2024,30/07/2025,article-1/results/processed_log_return_wtmra_0_ADAUSDT_1h_time_delay_72_slice_size_504/features,features_ADAUSDT_1h_time_delay_72_slice_size_504.csv,article-1/data,ADAUSDT_1d_data_from_20210101_to_20251031.csv,article-1/data,01-output-ADAUSDT_1d-from-2021-12-31 00:00:00-until-2025-07-31 00:00:00-log-return.csv
107,ADAUSDT,TDA_TD_72_SS_720,01/03/2022,30/06/2024,01/07/2024,30/07/2025,article-1/results/processed_log_return_wtmra_0_ADAUSDT_1h_time_delay_72_slice_size_720/features,features_ADAUSDT_1h_time_delay_72_slice_size_720.csv,article-1/data,ADAUSDT_1d_data_from_20210101_to_20251031.csv,article-1/data,01-output-ADAUSDT_1d-from-2021-12-31 00:00:00-until-2025-07-31 00:00:00-log-return.csv
108,ADAUSDT,TDA_TD_72_SS_1080,01/03/2022,30/06/2024,01/07/2024,30/07/2025,article-1/results/processed_log_return_wtmra_0_ADAUSDT_1h_time_delay_72_slice_size_1080/features,features_ADAUSDT_1h_time_delay_72_slice_size_1080.csv,article-1/data,ADAUSDT_1d_data_from_20210101_to_20251031.csv,article-1/data,01-output-ADAUSDT_1d-from-2021-12-31 00:00:00-until-2025-07-31 00:00:00-log-return.csv
109,ADAUSDT,TDA_TD_168_SS_336,01/03/2022,30/06/2024,01/07/2024,30/07/2025,article-1/results/processed_log_return_wtmra_0_ADAUSDT_1h_time_delay_168_slice_size_336/features,features_ADAUSDT_1h_time_delay_168_slice_size_336.csv,article-1/data,ADAUSDT_1d_data_from_20210101_to_20251031.csv,article-1/data,01-output-ADAUSDT_1d-from-2021-12-31 00:00:00-until-2025-07-31 00:00:00-log-return.csv
110,ADAUSDT,TDA_TD_168_SS_504,01/03/2022,30/06/2024,01/07/2024,30/07/2025,article-1/results/processed_log_return_wtmra_0_ADAUSDT_1h_time_delay_168_slice_size_504/features,features_ADAUSDT_1h_time_delay_168_slice_size_504.csv,article-1/data,ADAUSDT_1d_data_from_20210101_to_20251031.csv,article-1/data,01-output-ADAUSDT_1d-from-2021-12-31 00:00:00-until-2025-07-31 00:00:00-log-return.csv
111,ADAUSDT,TDA_TD_168_SS_720,01/03/2022,30/06/2024,01/07/2024,30/07/2025,article-1/results/processed_log_return_wtmra_0_ADAUSDT_1h_time_delay_168_slice_size_720/features,features_ADAUSDT_1h_time_delay_168_slice_size_720.csv,article-1/data,ADAUSDT_1d_data_from_20210101_to_20251031.csv,article-1/data,01-output-ADAUSDT_1d-from-2021-12-31 00:00:00-until-2025-07-31 00:00:00-log-return.csv
112,ADAUSDT,TDA_TD_168_SS_1080,01/03/2022,30/06/2024,01/07/2024,30/07/2025,article-1/results/processed_log_return_wtmra_0_ADAUSDT_1h_time_delay_168_slice_size_1080/features,features_ADAUSDT_1h_time_delay_168_slice_size_1080.csv,article-1/data,ADAUSDT_1d_data_from_20210101_to_20251031.csv,article-1/data,01-output-ADAUSDT_1d-from-2021-12-31 00:00:00-until-2025-07-31 00:00:00-log-return.csv
113,ADAUSDT,FRUITS,01/03/2022,30/06/2024,01/07/2024,30/07/2025,article-2/data,01-output-ADAUSDT_1d-from-2021-12-31 00:00:00-until-2025-07-31 00:00:00-fruits.csv,article-1/data,ADAUSDT_1d_data_from_20210101_to_20251031.csv,article-1/data,01-output-ADAUSDT_1d-from-2021-12-31 00:00:00-until-2025-07-31 00:00:00-log-return.csv
114,ADAUSDT,NetF,01/03/2022,30/06/2024,01/07/2024,30/07/2025,article-2/data,01-output-ADAUSDT_1d-from-2021-12-31 00:00:00-until-2025-07-31 00:00:00-netf.csv,article-1/data,ADAUSDT_1d_data_from_20210101_to_20251031.csv,article-1/data,01-output-ADAUSDT_1d-from-2021-12-31 00:00:00-until-2025-07-31 00:00:00-log-return.csv
115,ADAUSDT,baseline,01/03/2022,30/06/2024,01/07/2024,30/07/2025,article-2/data,01-output-ADAUSDT_1d-from-2021-12-31 00:00:00-until-2025-07-31 00:00:00-OLHC_features.csv,article-1/data,ADAUSDT_1d_data_from_20210101_to_20251031.csv,article-1/data,01-output-ADAUSDT_1d-from-2021-12-31 00:00:00-until-2025-07-31 00:00:00-log-return.csv
116,LTCUSDT,SMA,01/03/2022,30/06/2024,01/07/2024,30/07/2025,article-2/data,01-output-LTCUSDT_1d-from-2021-12-31 00:00:00-until-2025-07-31 00:00:00-technical_indicators.csv,article-1/data,LTCUSDT_1d_data_from_20210101_to_20251031.csv,article-1/data,01-output-LTCUSDT_1d-from-2021-12-31 00:00:00-until-2025-07-31 00:00:00-log-return.csv
117,LTCUSDT,EMA,01/03/2022,30/06/2024,01/07/2024,30/07/2025,article-2/data,01-output-LTCUSDT_1d-from-2021-12-31 00:00:00-until-2025-07-31 00:00:00-technical_indicators.csv,article-1/data,LTCUSDT_1d_data_from_20210101_to_20251031.csv,article-1/data,01-output-LTCUSDT_1d-from-2021-12-31 00:00:00-until-2025-07-31 00:00:00-log-return.csv
118,LTCUSDT,RSI,01/03/2022,30/06/2024,01/07/2024,30/07/2025,article-2/data,01-output-LTCUSDT_1d-from-2021-12-31 00:00:00-until-2025-07-31 00:00:00-technical_indicators.csv,article-1/data,LTCUSDT_1d_data_from_20210101_to_20251031.csv,article-1/data,01-output-LTCUSDT_1d-from-2021-12-31 00:00:00-until-2025-07-31 00:00:00-log-return.csv
119,LTCUSDT,MACD,01/03/2022,30/06/2024,01/07/2024,30/07/2025,article-2/data,01-output-LTCUSDT_1d-from-2021-12-31 00:00:00-until-2025-07-31 00:00:00-technical_indicators.csv,article-1/data,LTCUSDT_1d_data_from_20210101_to_20251031.csv,article-1/data,01-output-LTCUSDT_1d-from-2021-12-31 00:00:00-until-2025-07-31 00:00:00-log-return.csv
120,LTCUSDT,BB,01/03/2022,30/06/2024,01/07/2024,30/07/2025,article-2/data,01-output-LTCUSDT_1d-from-2021-12-31 00:00:00-until-2025-07-31 00:00:00-technical_indicators.csv,article-1/data,LTCUSDT_1d_data_from_20210101_to_20251031.csv,article-1/data,01-output-LTCUSDT_1d-from-2021-12-31 00:00:00-until-2025-07-31 00:00:00-log-return.csv
121,LTCUSDT,SO,01/03/2022,30/06/2024,01/07/2024,30/07/2025,article-2/data,01-output-LTCUSDT_1d-from-2021-12-31 00:00:00-until-2025-07-31 00:00:00-technical_indicators.csv,article-1/data,LTCUSDT_1d_data_from_20210101_to_20251031.csv,article-1/data,01-output-LTCUSDT_1d-from-2021-12-31 00:00:00-until-2025-07-31 00:00:00-log-return.csv
122,LTCUSDT,ATR,01/03/2022,30/06/2024,01/07/2024,30/07/2025,article-2/data,01-output-LTCUSDT_1d-from-2021-12-31 00:00:00-until-2025-07-31 00:00:00-technical_indicators.csv,article-1/data,LTCUSDT_1d_data_from_20210101_to_20251031.csv,article-1/data,01-output-LTCUSDT_1d-from-2021-12-31 00:00:00-until-2025-07-31 00:00:00-log-return.csv
123,LTCUSDT,lagged,01/03/2022,30/06/2024,01/07/2024,30/07/2025,article-1/data,02a-output-LTCUSDT_1d-log-return-lagged.csv,article-1/data,LTCUSDT_1d_data_from_20210101_to_20251031.csv,article-1/data,01-output-LTCUSDT_1d-from-2021-12-31 00:00:00-until-2025-07-31 00:00:00-log-return.csv
124,LTCUSDT,datetime,01/03/2022,30/06/2024,01/07/2024,30/07/2025,article-1/data,02b-output-LTCUSDT_1d-log-return-datetime.csv,article-1/data,LTCUSDT_1d_data_from_20210101_to_20251031.csv,article-1/data,01-output-LTCUSDT_1d-from-2021-12-31 00:00:00-until-2025-07-31 00:00:00-log-return.csv
125,LTCUSDT,difference_and_change,01/03/2022,30/06/2024,01/07/2024,30/07/2025,article-1/data,02c-output-LTCUSDT_1d-log-return-difference-and-change.csv,article-1/data,LTCUSDT_1d_data_from_20210101_to_20251031.csv,article-1/data,01-output-LTCUSDT_1d-from-2021-12-31 00:00:00-until-2025-07-31 00:00:00-log-return.csv
126,LTCUSDT,temporal_decomposition,01/03/2022,30/06/2024,01/07/2024,30/07/2025,article-1/data,02d-output-LTCUSDT_1d-log-return-temporal_decomposition.csv,article-1/data,LTCUSDT_1d_data_from_20210101_to_20251031.csv,article-1/data,01-output-LTCUSDT_1d-from-2021-12-31 00:00:00-until-2025-07-31 00:00:00-log-return.csv
127,LTCUSDT,time_delay_embedding,01/03/2022,30/06/2024,01/07/2024,30/07/2025,article-1/data,02e-output-LTCUSDT_1d-log-return-time-delay-embedding.csv,article-1/data,LTCUSDT_1d_data_from_20210101_to_20251031.csv,article-1/data,01-output-LTCUSDT_1d-from-2021-12-31 00:00:00-until-2025-07-31 00:00:00-log-return.csv
128,LTCUSDT,TDA_TD_72_SS_336,01/03/2022,30/06/2024,01/07/2024,30/07/2025,article-1/results/processed_log_return_wtmra_0_LTCUSDT_1h_time_delay_72_slice_size_336/features,features_LTCUSDT_1h_time_delay_72_slice_size_336.csv,article-1/data,LTCUSDT_1d_data_from_20210101_to_20251031.csv,article-1/data,01-output-LTCUSDT_1d-from-2021-12-31 00:00:00-until-2025-07-31 00:00:00-log-return.csv
129,LTCUSDT,TDA_TD_72_SS_504,01/03/2022,30/06/2024,01/07/2024,30/07/2025,article-1/results/processed_log_return_wtmra_0_LTCUSDT_1h_time_delay_72_slice_size_504/features,features_LTCUSDT_1h_time_delay_72_slice_size_504.csv,article-1/data,LTCUSDT_1d_data_from_20210101_to_20251031.csv,article-1/data,01-output-LTCUSDT_1d-from-2021-12-31 00:00:00-until-2025-07-31 00:00:00-log-return.csv
130,LTCUSDT,TDA_TD_72_SS_720,01/03/2022,30/06/2024,01/07/2024,30/07/2025,article-1/results/processed_log_return_wtmra_0_LTCUSDT_1h_time_delay_72_slice_size_720/features,features_LTCUSDT_1h_time_delay_72_slice_size_720.csv,article-1/data,LTCUSDT_1d_data_from_20210101_to_20251031.csv,article-1/data,01-output-LTCUSDT_1d-from-2021-12-31 00:00:00-until-2025-07-31 00:00:00-log-return.csv
131,LTCUSDT,TDA_TD_72_SS_1080,01/03/2022,30/06/2024,01/07/2024,30/07/2025,article-1/results/processed_log_return_wtmra_0_LTCUSDT_1h_time_delay_72_slice_size_1080/features,features_LTCUSDT_1h_time_delay_72_slice_size_1080.csv,article-1/data,LTCUSDT_1d_data_from_20210101_to_20251031.csv,article-1/data,01-output-LTCUSDT_1d-from-2021-12-31 00:00:00-until-2025-07-31 00:00:00-log-return.csv
132,LTCUSDT,TDA_TD_168_SS_336,01/03/2022,30/06/2024,01/07/2024,30/07/2025,article-1/results/processed_log_return_wtmra_0_LTCUSDT_1h_time_delay_168_slice_size_336/features,features_LTCUSDT_1h_time_delay_168_slice_size_336.csv,article-1/data,LTCUSDT_1d_data_from_20210101_to_20251031.csv,article-1/data,01-output-LTCUSDT_1d-from-2021-12-31 00:00:00-until-2025-07-31 00:00:00-log-return.csv
133,LTCUSDT,TDA_TD_168_SS_504,01/03/2022,30/06/2024,01/07/2024,30/07/2025,article-1/results/processed_log_return_wtmra_0_LTCUSDT_1h_time_delay_168_slice_size_504/features,features_LTCUSDT_1h_time_delay_168_slice_size_504.csv,article-1/data,LTCUSDT_1d_data_from_20210101_to_20251031.csv,article-1/data,01-output-LTCUSDT_1d-from-2021-12-31 00:00:00-until-2025-07-31 00:00:00-log-return.csv
134,LTCUSDT,TDA_TD_168_SS_720,01/03/2022,30/06/2024,01/07/2024,30/07/2025,article-1/results/processed_log_return_wtmra_0_LTCUSDT_1h_time_delay_168_slice_size_720/features,features_LTCUSDT_1h_time_delay_168_slice_size_720.csv,article-1/data,LTCUSDT_1d_data_from_20210101_to_20251031.csv,article-1/data,01-output-LTCUSDT_1d-from-2021-12-31 00:00:00-until-2025-07-31 00:00:00-log-return.csv
135,LTCUSDT,TDA_TD_168_SS_1080,01/03/2022,30/06/2024,01/07/2024,30/07/2025,article-1/results/processed_log_return_wtmra_0_LTCUSDT_1h_time_delay_168_slice_size_1080/features,features_LTCUSDT_1h_time_delay_168_slice_size_1080.csv,article-1/data,LTCUSDT_1d_data_from_20210101_to_20251031.csv,article-1/data,01-output-LTCUSDT_1d-from-2021-12-31 00:00:00-until-2025-07-31 00:00:00-log-return.csv
136,LTCUSDT,FRUITS,01/03/2022,30/06/2024,01/07/2024,30/07/2025,article-2/data,01-output-LTCUSDT_1d-from-2021-12-31 00:00:00-until-2025-07-31 00:00:00-fruits.csv,article-1/data,LTCUSDT_1d_data_from_20210101_to_20251031.csv,article-1/data,01-output-LTCUSDT_1d-from-2021-12-31 00:00:00-until-2025-07-31 00:00:00-log-return.csv
137,LTCUSDT,NetF,01/03/2022,30/06/2024,01/07/2024,30/07/2025,article-2/data,01-output-LTCUSDT_1d-from-2021-12-31 00:00:00-until-2025-07-31 00:00:00-netf.csv,article-1/data,LTCUSDT_1d_data_from_20210101_to_20251031.csv,article-1/data,01-output-LTCUSDT_1d-from-2021-12-31 00:00:00-until-2025-07-31 00:00:00-log-return.csv
138,LTCUSDT,baseline,01/03/2022,30/06/2024,01/07/2024,30/07/2025,article-2/data,01-output-LTCUSDT_1d-from-2021-12-31 00:00:00-until-2025-07-31 00:00:00-OLHC_features.csv,article-1/data,LTCUSDT_1d_data_from_20210101_to_20251031.csv,article-1/data,01-output-LTCUSDT_1d-from-2021-12-31 00:00:00-until-2025-07-31 00:00:00-log-return.csv
139,^FCHI,SMA,01/03/2022,30/06/2024,01/07/2024,30/07/2025,article-2/data,01-output-^FCHI_1d-from-2021-12-31 00:00:00-until-2025-07-31 00:00:00-technical_indicators.csv,article-1/data,^FCHI_1d_ib.csv,article-1/data,01-output-^FCHI_1d-from-2021-12-31 00:00:00-until-2025-07-31 00:00:00-log-return.csv
140,^FCHI,EMA,01/03/2022,30/06/2024,01/07/2024,30/07/2025,article-2/data,01-output-^FCHI_1d-from-2021-12-31 00:00:00-until-2025-07-31 00:00:00-technical_indicators.csv,article-1/data,^FCHI_1d_ib.csv,article-1/data,01-output-^FCHI_1d-from-2021-12-31 00:00:00-until-2025-07-31 00:00:00-log-return.csv
141,^FCHI,RSI,01/03/2022,30/06/2024,01/07/2024,30/07/2025,article-2/data,01-output-^FCHI_1d-from-2021-12-31 00:00:00-until-2025-07-31 00:00:00-technical_indicators.csv,article-1/data,^FCHI_1d_ib.csv,article-1/data,01-output-^FCHI_1d-from-2021-12-31 00:00:00-until-2025-07-31 00:00:00-log-return.csv
142,^FCHI,MACD,01/03/2022,30/06/2024,01/07/2024,30/07/2025,article-2/data,01-output-^FCHI_1d-from-2021-12-31 00:00:00-until-2025-07-31 00:00:00-technical_indicators.csv,article-1/data,^FCHI_1d_ib.csv,article-1/data,01-output-^FCHI_1d-from-2021-12-31 00:00:00-until-2025-07-31 00:00:00-log-return.csv
143,^FCHI,BB,01/03/2022,30/06/2024,01/07/2024,30/07/2025,article-2/data,01-output-^FCHI_1d-from-2021-12-31 00:00:00-until-2025-07-31 00:00:00-technical_indicators.csv,article-1/data,^FCHI_1d_ib.csv,article-1/data,01-output-^FCHI_1d-from-2021-12-31 00:00:00-until-2025-07-31 00:00:00-log-return.csv
144,^FCHI,SO,01/03/2022,30/06/2024,01/07/2024,30/07/2025,article-2/data,01-output-^FCHI_1d-from-2021-12-31 00:00:00-until-2025-07-31 00:00:00-technical_indicators.csv,article-1/data,^FCHI_1d_ib.csv,article-1/data,01-output-^FCHI_1d-from-2021-12-31 00:00:00-until-2025-07-31 00:00:00-log-return.csv
145,^FCHI,ATR,01/03/2022,30/06/2024,01/07/2024,30/07/2025,article-2/data,01-output-^FCHI_1d-from-2021-12-31 00:00:00-until-2025-07-31 00:00:00-technical_indicators.csv,article-1/data,^FCHI_1d_ib.csv,article-1/data,01-output-^FCHI_1d-from-2021-12-31 00:00:00-until-2025-07-31 00:00:00-log-return.csv
146,^FCHI,lagged,01/03/2022,30/06/2024,01/07/2024,30/07/2025,article-1/data,02a-output-^FCHI_1d-log-return-lagged.csv,article-1/data,^FCHI_1d_ib.csv,article-1/data,01-output-^FCHI_1d-from-2021-12-31 00:00:00-until-2025-07-31 00:00:00-log-return.csv
147,^FCHI,datetime,01/03/2022,30/06/2024,01/07/2024,30/07/2025,article-1/data,02b-output-^FCHI_1d-log-return-datetime.csv,article-1/data,^FCHI_1d_ib.csv,article-1/data,01-output-^FCHI_1d-from-2021-12-31 00:00:00-until-2025-07-31 00:00:00-log-return.csv
148,^FCHI,difference_and_change,01/03/2022,30/06/2024,01/07/2024,30/07/2025,article-1/data,02c-output-^FCHI_1d-log-return-difference-and-change.csv,article-1/data,^FCHI_1d_ib.csv,article-1/data,01-output-^FCHI_1d-from-2021-12-31 00:00:00-until-2025-07-31 00:00:00-log-return.csv
149,^FCHI,temporal_decomposition,01/03/2022,30/06/2024,01/07/2024,30/07/2025,article-1/data,02d-output-^FCHI_1d-log-return-temporal_decomposition.csv,article-1/data,^FCHI_1d_ib.csv,article-1/data,01-output-^FCHI_1d-from-2021-12-31 00:00:00-until-2025-07-31 00:00:00-log-return.csv
150,^FCHI,time_delay_embedding,01/03/2022,30/06/2024,01/07/2024,30/07/2025,article-1/data,02e-output-^FCHI_1d-log-return-time-delay-embedding.csv,article-1/data,^FCHI_1d_ib.csv,article-1/data,01-output-^FCHI_1d-from-2021-12-31 00:00:00-until-2025-07-31 00:00:00-log-return.csv
151,^FCHI,TDA_TD_72_SS_336,01/03/2022,30/06/2024,01/07/2024,30/07/2025,article-1/results/processed_log_return_wtmra_0_^FCHI_1h_time_delay_72_slice_size_336/features,features_^FCHI_1h_time_delay_72_slice_size_336.csv,article-1/data,^FCHI_1d_ib.csv,article-1/data,01-output-^FCHI_1d-from-2021-12-31 00:00:00-until-2025-07-31 00:00:00-log-return.csv
152,^FCHI,TDA_TD_72_SS_504,01/03/2022,30/06/2024,01/07/2024,30/07/2025,article-1/results/processed_log_return_wtmra_0_^FCHI_1h_time_delay_72_slice_size_504/features,features_^FCHI_1h_time_delay_72_slice_size_504.csv,article-1/data,^FCHI_1d_ib.csv,article-1/data,01-output-^FCHI_1d-from-2021-12-31 00:00:00-until-2025-07-31 00:00:00-log-return.csv
153,^FCHI,TDA_TD_72_SS_720,01/03/2022,30/06/2024,01/07/2024,30/07/2025,article-1/results/processed_log_return_wtmra_0_^FCHI_1h_time_delay_72_slice_size_720/features,features_^FCHI_1h_time_delay_72_slice_size_720.csv,article-1/data,^FCHI_1d_ib.csv,article-1/data,01-output-^FCHI_1d-from-2021-12-31 00:00:00-until-2025-07-31 00:00:00-log-return.csv
154,^FCHI,TDA_TD_72_SS_1080,01/03/2022,30/06/2024,01/07/2024,30/07/2025,article-1/results/processed_log_return_wtmra_0_^FCHI_1h_time_delay_72_slice_size_1080/features,features_^FCHI_1h_time_delay_72_slice_size_1080.csv,article-1/data,^FCHI_1d_ib.csv,article-1/data,01-output-^FCHI_1d-from-2021-12-31 00:00:00-until-2025-07-31 00:00:00-log-return.csv
155,^FCHI,TDA_TD_168_SS_336,01/03/2022,30/06/2024,01/07/2024,30/07/2025,article-1/results/processed_log_return_wtmra_0_^FCHI_1h_time_delay_168_slice_size_336/features,features_^FCHI_1h_time_delay_168_slice_size_336.csv,article-1/data,^FCHI_1d_ib.csv,article-1/data,01-output-^FCHI_1d-from-2021-12-31 00:00:00-until-2025-07-31 00:00:00-log-return.csv
156,^FCHI,TDA_TD_168_SS_504,01/03/2022,30/06/2024,01/07/2024,30/07/2025,article-1/results/processed_log_return_wtmra_0_^FCHI_1h_time_delay_168_slice_size_504/features,features_^FCHI_1h_time_delay_168_slice_size_504.csv,article-1/data,^FCHI_1d_ib.csv,article-1/data,01-output-^FCHI_1d-from-2021-12-31 00:00:00-until-2025-07-31 00:00:00-log-return.csv
157,^FCHI,TDA_TD_168_SS_720,01/03/2022,30/06/2024,01/07/2024,30/07/2025,article-1/results/processed_log_return_wtmra_0_^FCHI_1h_time_delay_168_slice_size_720/features,features_^FCHI_1h_time_delay_168_slice_size_720.csv,article-1/data,^FCHI_1d_ib.csv,article-1/data,01-output-^FCHI_1d-from-2021-12-31 00:00:00-until-2025-07-31 00:00:00-log-return.csv
158,^FCHI,TDA_TD_168_SS_1080,01/03/2022,30/06/2024,01/07/2024,30/07/2025,article-1/results/processed_log_return_wtmra_0_^FCHI_1h_time_delay_168_slice_size_1080/features,features_^FCHI_1h_time_delay_168_slice_size_1080.csv,article-1/data,^FCHI_1d_ib.csv,article-1/data,01-output-^FCHI_1d-from-2021-12-31 00:00:00-until-2025-07-31 00:00:00-log-return.csv
159,^FCHI,FRUITS,01/03/2022,30/06/2024,01/07/2024,30/07/2025,article-2/data,01-output-^FCHI_1d-from-2021-12-31 00:00:00-until-2025-07-31 00:00:00-fruits.csv,article-1/data,^FCHI_1d_ib.csv,article-1/data,01-output-^FCHI_1d-from-2021-12-31 00:00:00-until-2025-07-31 00:00:00-log-return.csv
160,^FCHI,NetF,01/03/2022,30/06/2024,01/07/2024,30/07/2025,article-2/data,01-output-^FCHI_1d-from-2021-12-31 00:00:00-until-2025-07-31 00:00:00-netf.csv,article-1/data,^FCHI_1d_ib.csv,article-1/data,01-output-^FCHI_1d-from-2021-12-31 00:00:00-until-2025-07-31 00:00:00-log-return.csv
161,^FCHI,baseline,01/03/2022,30/06/2024,01/07/2024,30/07/2025,article-2/data,01-output-^FCHI_1d-from-2021-12-31 00:00:00-until-2025-07-31 00:00:00-OLHC_features.csv,article-1/data,^FCHI_1d_ib.csv,article-1/data,01-output-^FCHI_1d-from-2021-12-31 00:00:00-until-2025-07-31 00:00:00-log-return.csv
162,USO,SMA,01/03/2022,30/06/2024,01/07/2024,30/07/2025,article-2/data,01-output-USO_1d-from-2021-12-31 00:00:00-until-2025-07-31 00:00:00-technical_indicators.csv,article-1/data,USO_1d_ib.csv,article-1/data,01-output-USO_1d-from-2021-12-31 00:00:00-until-2025-07-31 00:00:00-log-return.csv
163,USO,EMA,01/03/2022,30/06/2024,01/07/2024,30/07/2025,article-2/data,01-output-USO_1d-from-2021-12-31 00:00:00-until-2025-07-31 00:00:00-technical_indicators.csv,article-1/data,USO_1d_ib.csv,article-1/data,01-output-USO_1d-from-2021-12-31 00:00:00-until-2025-07-31 00:00:00-log-return.csv
164,USO,RSI,01/03/2022,30/06/2024,01/07/2024,30/07/2025,article-2/data,01-output-USO_1d-from-2021-12-31 00:00:00-until-2025-07-31 00:00:00-technical_indicators.csv,article-1/data,USO_1d_ib.csv,article-1/data,01-output-USO_1d-from-2021-12-31 00:00:00-until-2025-07-31 00:00:00-log-return.csv
165,USO,MACD,01/03/2022,30/06/2024,01/07/2024,30/07/2025,article-2/data,01-output-USO_1d-from-2021-12-31 00:00:00-until-2025-07-31 00:00:00-technical_indicators.csv,article-1/data,USO_1d_ib.csv,article-1/data,01-output-USO_1d-from-2021-12-31 00:00:00-until-2025-07-31 00:00:00-log-return.csv
166,USO,BB,01/03/2022,30/06/2024,01/07/2024,30/07/2025,article-2/data,01-output-USO_1d-from-2021-12-31 00:00:00-until-2025-07-31 00:00:00-technical_indicators.csv,article-1/data,USO_1d_ib.csv,article-1/data,01-output-USO_1d-from-2021-12-31 00:00:00-until-2025-07-31 00:00:00-log-return.csv
167,USO,SO,01/03/2022,30/06/2024,01/07/2024,30/07/2025,article-2/data,01-output-USO_1d-from-2021-12-31 00:00:00-until-2025-07-31 00:00:00-technical_indicators.csv,article-1/data,USO_1d_ib.csv,article-1/data,01-output-USO_1d-from-2021-12-31 00:00:00-until-2025-07-31 00:00:00-log-return.csv
168,USO,ATR,01/03/2022,30/06/2024,01/07/2024,30/07/2025,article-2/data,01-output-USO_1d-from-2021-12-31 00:00:00-until-2025-07-31 00:00:00-technical_indicators.csv,article-1/data,USO_1d_ib.csv,article-1/data,01-output-USO_1d-from-2021-12-31 00:00:00-until-2025-07-31 00:00:00-log-return.csv
169,USO,lagged,01/03/2022,30/06/2024,01/07/2024,30/07/2025,article-1/data,02a-output-USO_1d-log-return-lagged.csv,article-1/data,USO_1d_ib.csv,article-1/data,01-output-USO_1d-from-2021-12-31 00:00:00-until-2025-07-31 00:00:00-log-return.csv
170,USO,datetime,01/03/2022,30/06/2024,01/07/2024,30/07/2025,article-1/data,02b-output-USO_1d-log-return-datetime.csv,article-1/data,USO_1d_ib.csv,article-1/data,01-output-USO_1d-from-2021-12-31 00:00:00-until-2025-07-31 00:00:00-log-return.csv
171,USO,difference_and_change,01/03/2022,30/06/2024,01/07/2024,30/07/2025,article-1/data,02c-output-USO_1d-log-return-difference-and-change.csv,article-1/data,USO_1d_ib.csv,article-1/data,01-output-USO_1d-from-2021-12-31 00:00:00-until-2025-07-31 00:00:00-log-return.csv
172,USO,temporal_decomposition,01/03/2022,30/06/2024,01/07/2024,30/07/2025,article-1/data,02d-output-USO_1d-log-return-temporal_decomposition.csv,article-1/data,USO_1d_ib.csv,article-1/data,01-output-USO_1d-from-2021-12-31 00:00:00-until-2025-07-31 00:00:00-log-return.csv
173,USO,time_delay_embedding,01/03/2022,30/06/2024,01/07/2024,30/07/2025,article-1/data,02e-output-USO_1d-log-return-time-delay-embedding.csv,article-1/data,USO_1d_ib.csv,article-1/data,01-output-USO_1d-from-2021-12-31 00:00:00-until-2025-07-31 00:00:00-log-return.csv
174,USO,TDA_TD_72_SS_336,01/03/2022,30/06/2024,01/07/2024,30/07/2025,article-1/results/processed_log_return_wtmra_0_USO_1h_time_delay_72_slice_size_336/features,features_USO_1h_time_delay_72_slice_size_336.csv,article-1/data,USO_1d_ib.csv,article-1/data,01-output-USO_1d-from-2021-12-31 00:00:00-until-2025-07-31 00:00:00-log-return.csv
175,USO,TDA_TD_72_SS_504,01/03/2022,30/06/2024,01/07/2024,30/07/2025,article-1/results/processed_log_return_wtmra_0_USO_1h_time_delay_72_slice_size_504/features,features_USO_1h_time_delay_72_slice_size_504.csv,article-1/data,USO_1d_ib.csv,article-1/data,01-output-USO_1d-from-2021-12-31 00:00:00-until-2025-07-31 00:00:00-log-return.csv
176,USO,TDA_TD_72_SS_720,01/03/2022,30/06/2024,01/07/2024,30/07/2025,article-1/results/processed_log_return_wtmra_0_USO_1h_time_delay_72_slice_size_720/features,features_USO_1h_time_delay_72_slice_size_720.csv,article-1/data,USO_1d_ib.csv,article-1/data,01-output-USO_1d-from-2021-12-31 00:00:00-until-2025-07-31 00:00:00-log-return.csv
177,USO,TDA_TD_72_SS_1080,01/03/2022,30/06/2024,01/07/2024,30/07/2025,article-1/results/processed_log_return_wtmra_0_USO_1h_time_delay_72_slice_size_1080/features,features_USO_1h_time_delay_72_slice_size_1080.csv,article-1/data,USO_1d_ib.csv,article-1/data,01-output-USO_1d-from-2021-12-31 00:00:00-until-2025-07-31 00:00:00-log-return.csv
178,USO,TDA_TD_168_SS_336,01/03/2022,30/06/2024,01/07/2024,30/07/2025,article-1/results/processed_log_return_wtmra_0_USO_1h_time_delay_168_slice_size_336/features,features_USO_1h_time_delay_168_slice_size_336.csv,article-1/data,USO_1d_ib.csv,article-1/data,01-output-USO_1d-from-2021-12-31 00:00:00-until-2025-07-31 00:00:00-log-return.csv
179,USO,TDA_TD_168_SS_504,01/03/2022,30/06/2024,01/07/2024,30/07/2025,article-1/results/processed_log_return_wtmra_0_USO_1h_time_delay_168_slice_size_504/features,features_USO_1h_time_delay_168_slice_size_504.csv,article-1/data,USO_1d_ib.csv,article-1/data,01-output-USO_1d-from-2021-12-31 00:00:00-until-2025-07-31 00:00:00-log-return.csv
180,USO,TDA_TD_168_SS_720,01/03/2022,30/06/2024,01/07/2024,30/07/2025,article-1/results/processed_log_return_wtmra_0_USO_1h_time_delay_168_slice_size_720/features,features_USO_1h_time_delay_168_slice_size_720.csv,article-1/data,USO_1d_ib.csv,article-1/data,01-output-USO_1d-from-2021-12-31 00:00:00-until-2025-07-31 00:00:00-log-return.csv
181,USO,TDA_TD_168_SS_1080,01/03/2022,30/06/2024,01/07/2024,30/07/2025,article-1/results/processed_log_return_wtmra_0_USO_1h_time_delay_168_slice_size_1080/features,features_USO_1h_time_delay_168_slice_size_1080.csv,article-1/data,USO_1d_ib.csv,article-1/data,01-output-USO_1d-from-2021-12-31 00:00:00-until-2025-07-31 00:00:00-log-return.csv
182,USO,FRUITS,01/03/2022,30/06/2024,01/07/2024,30/07/2025,article-2/data,01-output-USO_1d-from-2021-12-31 00:00:00-until-2025-07-31 00:00:00-fruits.csv,article-1/data,USO_1d_ib.csv,article-1/data,01-output-USO_1d-from-2021-12-31 00:00:00-until-2025-07-31 00:00:00-log-return.csv
183,USO,NetF,01/03/2022,30/06/2024,01/07/2024,30/07/2025,article-2/data,01-output-USO_1d-from-2021-12-31 00:00:00-until-2025-07-31 00:00:00-netf.csv,article-1/data,USO_1d_ib.csv,article-1/data,01-output-USO_1d-from-2021-12-31 00:00:00-until-2025-07-31 00:00:00-log-return.csv
184,USO,baseline,01/03/2022,30/06/2024,01/07/2024,30/07/2025,article-2/data,01-output-USO_1d-from-2021-12-31 00:00:00-until-2025-07-31 00:00:00-OLHC_features.csv,article-1/data,USO_1d_ib.csv,article-1/data,01-output-USO_1d-from-2021-12-31 00:00:00-until-2025-07-31 00:00:00-log-return.csv
185,EURUSD,SMA,01/03/2022,30/06/2024,01/07/2024,30/07/2025,article-2/data,01-output-EURUSD_1d-from-2021-12-31 00:00:00-until-2025-07-31 00:00:00-technical_indicators.csv,article-1/data,EURUSD_1d_ib.csv,article-1/data,01-output-EURUSD_1d-from-2021-12-31 00:00:00-until-2025-07-31 00:00:00-log-return.csv
186,EURUSD,EMA,01/03/2022,30/06/2024,01/07/2024,30/07/2025,article-2/data,01-output-EURUSD_1d-from-2021-12-31 00:00:00-until-2025-07-31 00:00:00-technical_indicators.csv,article-1/data,EURUSD_1d_ib.csv,article-1/data,01-output-EURUSD_1d-from-2021-12-31 00:00:00-until-2025-07-31 00:00:00-log-return.csv
187,EURUSD,RSI,01/03/2022,30/06/2024,01/07/2024,30/07/2025,article-2/data,01-output-EURUSD_1d-from-2021-12-31 00:00:00-until-2025-07-31 00:00:00-technical_indicators.csv,article-1/data,EURUSD_1d_ib.csv,article-1/data,01-output-EURUSD_1d-from-2021-12-31 00:00:00-until-2025-07-31 00:00:00-log-return.csv
188,EURUSD,MACD,01/03/2022,30/06/2024,01/07/2024,30/07/2025,article-2/data,01-output-EURUSD_1d-from-2021-12-31 00:00:00-until-2025-07-31 00:00:00-technical_indicators.csv,article-1/data,EURUSD_1d_ib.csv,article-1/data,01-output-EURUSD_1d-from-2021-12-31 00:00:00-until-2025-07-31 00:00:00-log-return.csv
189,EURUSD,BB,01/03/2022,30/06/2024,01/07/2024,30/07/2025,article-2/data,01-output-EURUSD_1d-from-2021-12-31 00:00:00-until-2025-07-31 00:00:00-technical_indicators.csv,article-1/data,EURUSD_1d_ib.csv,article-1/data,01-output-EURUSD_1d-from-2021-12-31 00:00:00-until-2025-07-31 00:00:00-log-return.csv
190,EURUSD,SO,01/03/2022,30/06/2024,01/07/2024,30/07/2025,article-2/data,01-output-EURUSD_1d-from-2021-12-31 00:00:00-until-2025-07-31 00:00:00-technical_indicators.csv,article-1/data,EURUSD_1d_ib.csv,article-1/data,01-output-EURUSD_1d-from-2021-12-31 00:00:00-until-2025-07-31 00:00:00-log-return.csv
191,EURUSD,ATR,01/03/2022,30/06/2024,01/07/2024,30/07/2025,article-2/data,01-output-EURUSD_1d-from-2021-12-31 00:00:00-until-2025-07-31 00:00:00-technical_indicators.csv,article-1/data,EURUSD_1d_ib.csv,article-1/data,01-output-EURUSD_1d-from-2021-12-31 00:00:00-until-2025-07-31 00:00:00-log-return.csv
192,EURUSD,lagged,01/03/2022,30/06/2024,01/07/2024,30/07/2025,article-1/data,02a-output-EURUSD_1d-log-return-lagged.csv,article-1/data,EURUSD_1d_ib.csv,article-1/data,01-output-EURUSD_1d-from-2021-12-31 00:00:00-until-2025-07-31 00:00:00-log-return.csv
193,EURUSD,datetime,01/03/2022,30/06/2024,01/07/2024,30/07/2025,article-1/data,02b-output-EURUSD_1d-log-return-datetime.csv,article-1/data,EURUSD_1d_ib.csv,article-1/data,01-output-EURUSD_1d-from-2021-12-31 00:00:00-until-2025-07-31 00:00:00-log-return.csv
194,EURUSD,difference_and_change,01/03/2022,30/06/2024,01/07/2024,30/07/2025,article-1/data,02c-output-EURUSD_1d-log-return-difference-and-change.csv,article-1/data,EURUSD_1d_ib.csv,article-1/data,01-output-EURUSD_1d-from-2021-12-31 00:00:00-until-2025-07-31 00:00:00-log-return.csv
195,EURUSD,temporal_decomposition,01/03/2022,30/06/2024,01/07/2024,30/07/2025,article-1/data,02d-output-EURUSD_1d-log-return-temporal_decomposition.csv,article-1/data,EURUSD_1d_ib.csv,article-1/data,01-output-EURUSD_1d-from-2021-12-31 00:00:00-until-2025-07-31 00:00:00-log-return.csv
196,EURUSD,time_delay_embedding,01/03/2022,30/06/2024,01/07/2024,30/07/2025,article-1/data,02e-output-EURUSD_1d-log-return-time-delay-embedding.csv,article-1/data,EURUSD_1d_ib.csv,article-1/data,01-output-EURUSD_1d-from-2021-12-31 00:00:00-until-2025-07-31 00:00:00-log-return.csv
197,EURUSD,TDA_TD_72_SS_336,01/03/2022,30/06/2024,01/07/2024,30/07/2025,article-1/results/processed_log_return_wtmra_0_EURUSD_1h_time_delay_72_slice_size_336/features,features_EURUSD_1h_time_delay_72_slice_size_336.csv,article-1/data,EURUSD_1d_ib.csv,article-1/data,01-output-EURUSD_1d-from-2021-12-31 00:00:00-until-2025-07-31 00:00:00-log-return.csv
198,EURUSD,TDA_TD_72_SS_504,01/03/2022,30/06/2024,01/07/2024,30/07/2025,article-1/results/processed_log_return_wtmra_0_EURUSD_1h_time_delay_72_slice_size_504/features,features_EURUSD_1h_time_delay_72_slice_size_504.csv,article-1/data,EURUSD_1d_ib.csv,article-1/data,01-output-EURUSD_1d-from-2021-12-31 00:00:00-until-2025-07-31 00:00:00-log-return.csv
199,EURUSD,TDA_TD_72_SS_720,01/03/2022,30/06/2024,01/07/2024,30/07/2025,article-1/results/processed_log_return_wtmra_0_EURUSD_1h_time_delay_72_slice_size_720/features,features_EURUSD_1h_time_delay_72_slice_size_720.csv,article-1/data,EURUSD_1d_ib.csv,article-1/data,01-output-EURUSD_1d-from-2021-12-31 00:00:00-until-2025-07-31 00:00:00-log-return.csv
200,EURUSD,TDA_TD_72_SS_1080,01/03/2022,30/06/2024,01/07/2024,30/07/2025,article-1/results/processed_log_return_wtmra_0_EURUSD_1h_time_delay_72_slice_size_1080/features,features_EURUSD_1h_time_delay_72_slice_size_1080.csv,article-1/data,EURUSD_1d_ib.csv,article-1/data,01-output-EURUSD_1d-from-2021-12-31 00:00:00-until-2025-07-31 00:00:00-log-return.csv
201,EURUSD,TDA_TD_168_SS_336,01/03/2022,30/06/2024,01/07/2024,30/07/2025,article-1/results/processed_log_return_wtmra_0_EURUSD_1h_time_delay_168_slice_size_336/features,features_EURUSD_1h_time_delay_168_slice_size_336.csv,article-1/data,EURUSD_1d_ib.csv,article-1/data,01-output-EURUSD_1d-from-2021-12-31 00:00:00-until-2025-07-31 00:00:00-log-return.csv
202,EURUSD,TDA_TD_168_SS_504,01/03/2022,30/06/2024,01/07/2024,30/07/2025,article-1/results/processed_log_return_wtmra_0_EURUSD_1h_time_delay_168_slice_size_504/features,features_EURUSD_1h_time_delay_168_slice_size_504.csv,article-1/data,EURUSD_1d_ib.csv,article-1/data,01-output-EURUSD_1d-from-2021-12-31 00:00:00-until-2025-07-31 00:00:00-log-return.csv
203,EURUSD,TDA_TD_168_SS_720,01/03/2022,30/06/2024,01/07/2024,30/07/2025,article-1/results/processed_log_return_wtmra_0_EURUSD_1h_time_delay_168_slice_size_720/features,features_EURUSD_1h_time_delay_168_slice_size_720.csv,article-1/data,EURUSD_1d_ib.csv,article-1/data,01-output-EURUSD_1d-from-2021-12-31 00:00:00-until-2025-07-31 00:00:00-log-return.csv
204,EURUSD,TDA_TD_168_SS_1080,01/03/2022,30/06/2024,01/07/2024,30/07/2025,article-1/results/processed_log_return_wtmra_0_EURUSD_1h_time_delay_168_slice_size_1080/features,features_EURUSD_1h_time_delay_168_slice_size_1080.csv,article-1/data,EURUSD_1d_ib.csv,article-1/data,01-output-EURUSD_1d-from-2021-12-31 00:00:00-until-2025-07-31 00:00:00-log-return.csv
205,EURUSD,FRUITS,01/03/2022,30/06/2024,01/07/2024,30/07/2025,article-2/data,01-output-EURUSD_1d-from-2021-12-31 00:00:00-until-2025-07-31 00:00:00-fruits.csv,article-1/data,EURUSD_1d_ib.csv,article-1/data,01-output-EURUSD_1d-from-2021-12-31 00:00:00-until-2025-07-31 00:00:00-log-return.csv
206,EURUSD,NetF,01/03/2022,30/06/2024,01/07/2024,30/07/2025,article-2/data,01-output-EURUSD_1d-from-2021-12-31 00:00:00-until-2025-07-31 00:00:00-netf.csv,article-1/data,EURUSD_1d_ib.csv,article-1/data,01-output-EURUSD_1d-from-2021-12-31 00:00:00-until-2025-07-31 00:00:00-log-return.csv
207,EURUSD,baseline,01/03/2022,30/06/2024,01/07/2024,30/07/2025,article-2/data,01-output-EURUSD_1d-from-2021-12-31 00:00:00-until-2025-07-31 00:00:00-OLHC_features.csv,article-1/data,EURUSD_1d_ib.csv,article-1/data,01-output-EURUSD_1d-from-2021-12-31 00:00:00-until-2025-07-31 00:00:00-log-return.csv
208,IEUR,SMA,01/03/2022,30/06/2024,01/07/2024,30/07/2025,article-2/data,01-output-IEUR_1d-from-2021-12-31 00:00:00-until-2025-07-31 00:00:00-technical_indicators.csv,article-1/data,IEUR_1d_ib.csv,article-1/data,01-output-IEUR_1d-from-2021-12-31 00:00:00-until-2025-07-31 00:00:00-log-return.csv
209,IEUR,EMA,01/03/2022,30/06/2024,01/07/2024,30/07/2025,article-2/data,01-output-IEUR_1d-from-2021-12-31 00:00:00-until-2025-07-31 00:00:00-technical_indicators.csv,article-1/data,IEUR_1d_ib.csv,article-1/data,01-output-IEUR_1d-from-2021-12-31 00:00:00-until-2025-07-31 00:00:00-log-return.csv
210,IEUR,RSI,01/03/2022,30/06/2024,01/07/2024,30/07/2025,article-2/data,01-output-IEUR_1d-from-2021-12-31 00:00:00-until-2025-07-31 00:00:00-technical_indicators.csv,article-1/data,IEUR_1d_ib.csv,article-1/data,01-output-IEUR_1d-from-2021-12-31 00:00:00-until-2025-07-31 00:00:00-log-return.csv
211,IEUR,MACD,01/03/2022,30/06/2024,01/07/2024,30/07/2025,article-2/data,01-output-IEUR_1d-from-2021-12-31 00:00:00-until-2025-07-31 00:00:00-technical_indicators.csv,article-1/data,IEUR_1d_ib.csv,article-1/data,01-output-IEUR_1d-from-2021-12-31 00:00:00-until-2025-07-31 00:00:00-log-return.csv
212,IEUR,BB,01/03/2022,30/06/2024,01/07/2024,30/07/2025,article-2/data,01-output-IEUR_1d-from-2021-12-31 00:00:00-until-2025-07-31 00:00:00-technical_indicators.csv,article-1/data,IEUR_1d_ib.csv,article-1/data,01-output-IEUR_1d-from-2021-12-31 00:00:00-until-2025-07-31 00:00:00-log-return.csv
213,IEUR,SO,01/03/2022,30/06/2024,01/07/2024,30/07/2025,article-2/data,01-output-IEUR_1d-from-2021-12-31 00:00:00-until-2025-07-31 00:00:00-technical_indicators.csv,article-1/data,IEUR_1d_ib.csv,article-1/data,01-output-IEUR_1d-from-2021-12-31 00:00:00-until-2025-07-31 00:00:00-log-return.csv
214,IEUR,ATR,01/03/2022,30/06/2024,01/07/2024,30/07/2025,article-2/data,01-output-IEUR_1d-from-2021-12-31 00:00:00-until-2025-07-31 00:00:00-technical_indicators.csv,article-1/data,IEUR_1d_ib.csv,article-1/data,01-output-IEUR_1d-from-2021-12-31 00:00:00-until-2025-07-31 00:00:00-log-return.csv
215,IEUR,lagged,01/03/2022,30/06/2024,01/07/2024,30/07/2025,article-1/data,02a-output-IEUR_1d-log-return-lagged.csv,article-1/data,IEUR_1d_ib.csv,article-1/data,01-output-IEUR_1d-from-2021-12-31 00:00:00-until-2025-07-31 00:00:00-log-return.csv
216,IEUR,datetime,01/03/2022,30/06/2024,01/07/2024,30/07/2025,article-1/data,02b-output-IEUR_1d-log-return-datetime.csv,article-1/data,IEUR_1d_ib.csv,article-1/data,01-output-IEUR_1d-from-2021-12-31 00:00:00-until-2025-07-31 00:00:00-log-return.csv
217,IEUR,difference_and_change,01/03/2022,30/06/2024,01/07/2024,30/07/2025,article-1/data,02c-output-IEUR_1d-log-return-difference-and-change.csv,article-1/data,IEUR_1d_ib.csv,article-1/data,01-output-IEUR_1d-from-2021-12-31 00:00:00-until-2025-07-31 00:00:00-log-return.csv
218,IEUR,temporal_decomposition,01/03/2022,30/06/2024,01/07/2024,30/07/2025,article-1/data,02d-output-IEUR_1d-log-return-temporal_decomposition.csv,article-1/data,IEUR_1d_ib.csv,article-1/data,01-output-IEUR_1d-from-2021-12-31 00:00:00-until-2025-07-31 00:00:00-log-return.csv
219,IEUR,time_delay_embedding,01/03/2022,30/06/2024,01/07/2024,30/07/2025,article-1/data,02e-output-IEUR_1d-log-return-time-delay-embedding.csv,article-1/data,IEUR_1d_ib.csv,article-1/data,01-output-IEUR_1d-from-2021-12-31 00:00:00-until-2025-07-31 00:00:00-log-return.csv
220,IEUR,TDA_TD_72_SS_336,01/03/2022,30/06/2024,01/07/2024,30/07/2025,article-1/results/processed_log_return_wtmra_0_IEUR_1h_time_delay_72_slice_size_336/features,features_IEUR_1h_time_delay_72_slice_size_336.csv,article-1/data,IEUR_1d_ib.csv,article-1/data,01-output-IEUR_1d-from-2021-12-31 00:00:00-until-2025-07-31 00:00:00-log-return.csv
221,IEUR,TDA_TD_72_SS_504,01/03/2022,30/06/2024,01/07/2024,30/07/2025,article-1/results/processed_log_return_wtmra_0_IEUR_1h_time_delay_72_slice_size_504/features,features_IEUR_1h_time_delay_72_slice_size_504.csv,article-1/data,IEUR_1d_ib.csv,article-1/data,01-output-IEUR_1d-from-2021-12-31 00:00:00-until-2025-07-31 00:00:00-log-return.csv
222,IEUR,TDA_TD_72_SS_720,01/03/2022,30/06/2024,01/07/2024,30/07/2025,article-1/results/processed_log_return_wtmra_0_IEUR_1h_time_delay_72_slice_size_720/features,features_IEUR_1h_time_delay_72_slice_size_720.csv,article-1/data,IEUR_1d_ib.csv,article-1/data,01-output-IEUR_1d-from-2021-12-31 00:00:00-until-2025-07-31 00:00:00-log-return.csv
223,IEUR,TDA_TD_72_SS_1080,01/03/2022,30/06/2024,01/07/2024,30/07/2025,article-1/results/processed_log_return_wtmra_0_IEUR_1h_time_delay_72_slice_size_1080/features,features_IEUR_1h_time_delay_72_slice_size_1080.csv,article-1/data,IEUR_1d_ib.csv,article-1/data,01-output-IEUR_1d-from-2021-12-31 00:00:00-until-2025-07-31 00:00:00-log-return.csv
224,IEUR,TDA_TD_168_SS_336,01/03/2022,30/06/2024,01/07/2024,30/07/2025,article-1/results/processed_log_return_wtmra_0_IEUR_1h_time_delay_168_slice_size_336/features,features_IEUR_1h_time_delay_168_slice_size_336.csv,article-1/data,IEUR_1d_ib.csv,article-1/data,01-output-IEUR_1d-from-2021-12-31 00:00:00-until-2025-07-31 00:00:00-log-return.csv
225,IEUR,TDA_TD_168_SS_504,01/03/2022,30/06/2024,01/07/2024,30/07/2025,article-1/results/processed_log_return_wtmra_0_IEUR_1h_time_delay_168_slice_size_504/features,features_IEUR_1h_time_delay_168_slice_size_504.csv,article-1/data,IEUR_1d_ib.csv,article-1/data,01-output-IEUR_1d-from-2021-12-31 00:00:00-until-2025-07-31 00:00:00-log-return.csv
226,IEUR,TDA_TD_168_SS_720,01/03/2022,30/06/2024,01/07/2024,30/07/2025,article-1/results/processed_log_return_wtmra_0_IEUR_1h_time_delay_168_slice_size_720/features,features_IEUR_1h_time_delay_168_slice_size_720.csv,article-1/data,IEUR_1d_ib.csv,article-1/data,01-output-IEUR_1d-from-2021-12-31 00:00:00-until-2025-07-31 00:00:00-log-return.csv
227,IEUR,TDA_TD_168_SS_1080,01/03/2022,30/06/2024,01/07/2024,30/07/2025,article-1/results/processed_log_return_wtmra_0_IEUR_1h_time_delay_168_slice_size_1080/features,features_IEUR_1h_time_delay_168_slice_size_1080.csv,article-1/data,IEUR_1d_ib.csv,article-1/data,01-output-IEUR_1d-from-2021-12-31 00:00:00-until-2025-07-31 00:00:00-log-return.csv
228,IEUR,FRUITS,01/03/2022,30/06/2024,01/07/2024,30/07/2025,article-2/data,01-output-IEUR_1d-from-2021-12-31 00:00:00-until-2025-07-31 00:00:00-fruits.csv,article-1/data,IEUR_1d_ib.csv,article-1/data,01-output-IEUR_1d-from-2021-12-31 00:00:00-until-2025-07-31 00:00:00-log-return.csv
229,IEUR,NetF,01/03/2022,30/06/2024,01/07/2024,30/07/2025,article-2/data,01-output-IEUR_1d-from-2021-12-31 00:00:00-until-2025-07-31 00:00:00-netf.csv,article-1/data,IEUR_1d_ib.csv,article-1/data,01-output-IEUR_1d-from-2021-12-31 00:00:00-until-2025-07-31 00:00:00-log-return.csv
230,IEUR,baseline,01/03/2022,30/06/2024,01/07/2024,30/07/2025,article-2/data,01-output-IEUR_1d-from-2021-12-31 00:00:00-until-2025-07-31 00:00:00-OLHC_features.csv,article-1/data,IEUR_1d_ib.csv,article-1/data,01-output-IEUR_1d-from-2021-12-31 00:00:00-until-2025-07-31 00:00:00-log-return.csv
231,BNBUSDT,TDA_TD_24_SS_72,01/03/2022,30/06/2024,01/07/2024,30/07/2025,article-1/results/processed_log_return_wtmra_0_BNBUSDT_1h_time_delay_24_slice_size_72/features,features_BNBUSDT_1h_time_delay_24_slice_size_72.csv,article-1/data,BNBUSDT_1d_data_from_20210101_to_20251031.csv,article-1/data,01-output-BNBUSDT_1d-from-2021-12-31 00:00:00-until-2025-07-31 00:00:00-log-return.csv
232,BNBUSDT,TDA_TD_24_SS_168,01/03/2022,30/06/2024,01/07/2024,30/07/2025,article-1/results/processed_log_return_wtmra_0_BNBUSDT_1h_time_delay_24_slice_size_168/features,features_BNBUSDT_1h_time_delay_24_slice_size_168.csv,article-1/data,BNBUSDT_1d_data_from_20210101_to_20251031.csv,article-1/data,01-output-BNBUSDT_1d-from-2021-12-31 00:00:00-until-2025-07-31 00:00:00-log-return.csv
233,BNBUSDT,TDA_TD_48_SS_72,01/03/2022,30/06/2024,01/07/2024,30/07/2025,article-1/results/processed_log_return_wtmra_0_BNBUSDT_1h_time_delay_48_slice_size_72/features,features_BNBUSDT_1h_time_delay_48_slice_size_72.csv,article-1/data,BNBUSDT_1d_data_from_20210101_to_20251031.csv,article-1/data,01-output-BNBUSDT_1d-from-2021-12-31 00:00:00-until-2025-07-31 00:00:00-log-return.csv
234,BNBUSDT,TDA_TD_48_SS_168,01/03/2022,30/06/2024,01/07/2024,30/07/2025,article-1/results/processed_log_return_wtmra_0_BNBUSDT_1h_time_delay_48_slice_size_168/features,features_BNBUSDT_1h_time_delay_48_slice_size_168.csv,article-1/data,BNBUSDT_1d_data_from_20210101_to_20251031.csv,article-1/data,01-output-BNBUSDT_1d-from-2021-12-31 00:00:00-until-2025-07-31 00:00:00-log-return.csv
235,BNBUSDT,TDA_TD_72_SS_336_d3,01/03/2022,30/06/2024,01/07/2024,30/07/2025,article-1/results/processed_log_return_wtmra_0_BNBUSDT_1h_time_delay_72_slice_size_336_dimension_3/features,features_BNBUSDT_1h_time_delay_72_slice_size_336_dimension_3.csv,article-1/data,BNBUSDT_1d_data_from_20210101_to_20251031.csv,article-1/data,01-output-BNBUSDT_1d-from-2021-12-31 00:00:00-until-2025-07-31 00:00:00-log-return.csv
236,BNBUSDT,TDA_TD_72_SS_336_d4,01/03/2022,30/06/2024,01/07/2024,30/07/2025,article-1/results/processed_log_return_wtmra_0_BNBUSDT_1h_time_delay_72_slice_size_336_dimension_4/features,features_BNBUSDT_1h_time_delay_72_slice_size_336_dimension_4.csv,article-1/data,BNBUSDT_1d_data_from_20210101_to_20251031.csv,article-1/data,01-output-BNBUSDT_1d-from-2021-12-31 00:00:00-until-2025-07-31 00:00:00-log-return.csv
237,BNBUSDT,TDA_TD_72_SS_504_d3,01/03/2022,30/06/2024,01/07/2024,30/07/2025,article-1/results/processed_log_return_wtmra_0_BNBUSDT_1h_time_delay_72_slice_size_504_dimension_3/features,features_BNBUSDT_1h_time_delay_72_slice_size_504_dimension_3.csv,article-1/data,BNBUSDT_1d_data_from_20210101_to_20251031.csv,article-1/data,01-output-BNBUSDT_1d-from-2021-12-31 00:00:00-until-2025-07-31 00:00:00-log-return.csv
238,BNBUSDT,TDA_TD_72_SS_504_d4,01/03/2022,30/06/2024,01/07/2024,30/07/2025,article-1/results/processed_log_return_wtmra_0_BNBUSDT_1h_time_delay_72_slice_size_504_dimension_4/features,features_BNBUSDT_1h_time_delay_72_slice_size_504_dimension_4.csv,article-1/data,BNBUSDT_1d_data_from_20210101_to_20251031.csv,article-1/data,01-output-BNBUSDT_1d-from-2021-12-31 00:00:00-until-2025-07-31 00:00:00-log-return.csv
239,BNBUSDT,TDA_TD_167_SS_336_d3,01/03/2022,30/06/2024,01/07/2024,30/07/2025,article-1/results/processed_log_return_wtmra_0_BNBUSDT_1h_time_delay_167_slice_size_336_dimension_3/features,features_BNBUSDT_1h_time_delay_167_slice_size_336_dimension_3.csv,article-1/data,BNBUSDT_1d_data_from_20210101_to_20251031.csv,article-1/data,01-output-BNBUSDT_1d-from-2021-12-31 00:00:00-until-2025-07-31 00:00:00-log-return.csv
240,BNBUSDT,TDA_TD_111_SS_336_d4,01/03/2022,30/06/2024,01/07/2024,30/07/2025,article-1/results/processed_log_return_wtmra_0_BNBUSDT_1h_time_delay_111_slice_size_336_dimension_4/features,features_BNBUSDT_1h_time_delay_111_slice_size_336_dimension_4.csv,article-1/data,BNBUSDT_1d_data_from_20210101_to_20251031.csv,article-1/data,01-output-BNBUSDT_1d-from-2021-12-31 00:00:00-until-2025-07-31 00:00:00-log-return.csv
241,BNBUSDT,TDA_TD_168_SS_504_d3,01/03/2022,30/06/2024,01/07/2024,30/07/2025,article-1/results/processed_log_return_wtmra_0_BNBUSDT_1h_time_delay_168_slice_size_504_dimension_3/features,features_BNBUSDT_1h_time_delay_168_slice_size_504_dimension_3.csv,article-1/data,BNBUSDT_1d_data_from_20210101_to_20251031.csv,article-1/data,01-output-BNBUSDT_1d-from-2021-12-31 00:00:00-until-2025-07-31 00:00:00-log-return.csv
242,BNBUSDT,TDA_TD_167_SS_504_d4,01/03/2022,30/06/2024,01/07/2024,30/07/2025,article-1/results/processed_log_return_wtmra_0_BNBUSDT_1h_time_delay_167_slice_size_504_dimension_4/features,features_BNBUSDT_1h_time_delay_167_slice_size_504_dimension_4.csv,article-1/data,BNBUSDT_1d_data_from_20210101_to_20251031.csv,article-1/data,01-output-BNBUSDT_1d-from-2021-12-31 00:00:00-until-2025-07-31 00:00:00-log-return.csv
243,BTCUSDT,TDA_TD_24_SS_72,01/03/2022,30/06/2024,01/07/2024,30/07/2025,article-1/results/processed_log_return_wtmra_0_BTCUSDT_1h_time_delay_24_slice_size_72/features,features_BTCUSDT_1h_time_delay_24_slice_size_72.csv,article-1/data,BTCUSDT_1d_data_from_20210101_to_20251031.csv,article-1/data,01-output-BTCUSDT_1d-from-2021-12-31 00:00:00-until-2025-07-31 00:00:00-log-return.csv
244,BTCUSDT,TDA_TD_24_SS_168,01/03/2022,30/06/2024,01/07/2024,30/07/2025,article-1/results/processed_log_return_wtmra_0_BTCUSDT_1h_time_delay_24_slice_size_168/features,features_BTCUSDT_1h_time_delay_24_slice_size_168.csv,article-1/data,BTCUSDT_1d_data_from_20210101_to_20251031.csv,article-1/data,01-output-BTCUSDT_1d-from-2021-12-31 00:00:00-until-2025-07-31 00:00:00-log-return.csv
245,BTCUSDT,TDA_TD_48_SS_72,01/03/2022,30/06/2024,01/07/2024,30/07/2025,article-1/results/processed_log_return_wtmra_0_BTCUSDT_1h_time_delay_48_slice_size_72/features,features_BTCUSDT_1h_time_delay_48_slice_size_72.csv,article-1/data,BTCUSDT_1d_data_from_20210101_to_20251031.csv,article-1/data,01-output-BTCUSDT_1d-from-2021-12-31 00:00:00-until-2025-07-31 00:00:00-log-return.csv
246,BTCUSDT,TDA_TD_48_SS_168,01/03/2022,30/06/2024,01/07/2024,30/07/2025,article-1/results/processed_log_return_wtmra_0_BTCUSDT_1h_time_delay_48_slice_size_168/features,features_BTCUSDT_1h_time_delay_48_slice_size_168.csv,article-1/data,BTCUSDT_1d_data_from_20210101_to_20251031.csv,article-1/data,01-output-BTCUSDT_1d-from-2021-12-31 00:00:00-until-2025-07-31 00:00:00-log-return.csv
247,BTCUSDT,TDA_TD_72_SS_336_d3,01/03/2022,30/06/2024,01/07/2024,30/07/2025,article-1/results/processed_log_return_wtmra_0_BTCUSDT_1h_time_delay_72_slice_size_336_dimension_3/features,features_BTCUSDT_1h_time_delay_72_slice_size_336_dimension_3.csv,article-1/data,BTCUSDT_1d_data_from_20210101_to_20251031.csv,article-1/data,01-output-BTCUSDT_1d-from-2021-12-31 00:00:00-until-2025-07-31 00:00:00-log-return.csv
248,BTCUSDT,TDA_TD_72_SS_336_d4,01/03/2022,30/06/2024,01/07/2024,30/07/2025,article-1/results/processed_log_return_wtmra_0_BTCUSDT_1h_time_delay_72_slice_size_336_dimension_4/features,features_BTCUSDT_1h_time_delay_72_slice_size_336_dimension_4.csv,article-1/data,BTCUSDT_1d_data_from_20210101_to_20251031.csv,article-1/data,01-output-BTCUSDT_1d-from-2021-12-31 00:00:00-until-2025-07-31 00:00:00-log-return.csv
249,BTCUSDT,TDA_TD_72_SS_504_d3,01/03/2022,30/06/2024,01/07/2024,30/07/2025,article-1/results/processed_log_return_wtmra_0_BTCUSDT_1h_time_delay_72_slice_size_504_dimension_3/features,features_BTCUSDT_1h_time_delay_72_slice_size_504_dimension_3.csv,article-1/data,BTCUSDT_1d_data_from_20210101_to_20251031.csv,article-1/data,01-output-BTCUSDT_1d-from-2021-12-31 00:00:00-until-2025-07-31 00:00:00-log-return.csv
250,BTCUSDT,TDA_TD_72_SS_504_d4,01/03/2022,30/06/2024,01/07/2024,30/07/2025,article-1/results/processed_log_return_wtmra_0_BTCUSDT_1h_time_delay_72_slice_size_504_dimension_4/features,features_BTCUSDT_1h_time_delay_72_slice_size_504_dimension_4.csv,article-1/data,BTCUSDT_1d_data_from_20210101_to_20251031.csv,article-1/data,01-output-BTCUSDT_1d-from-2021-12-31 00:00:00-until-2025-07-31 00:00:00-log-return.csv
251,BTCUSDT,TDA_TD_167_SS_336_d3,01/03/2022,30/06/2024,01/07/2024,30/07/2025,article-1/results/processed_log_return_wtmra_0_BTCUSDT_1h_time_delay_167_slice_size_336_dimension_3/features,features_BTCUSDT_1h_time_delay_167_slice_size_336_dimension_3.csv,article-1/data,BTCUSDT_1d_data_from_20210101_to_20251031.csv,article-1/data,01-output-BTCUSDT_1d-from-2021-12-31 00:00:00-until-2025-07-31 00:00:00-log-return.csv
252,BTCUSDT,TDA_TD_111_SS_336_d4,01/03/2022,30/06/2024,01/07/2024,30/07/2025,article-1/results/processed_log_return_wtmra_0_BTCUSDT_1h_time_delay_111_slice_size_336_dimension_4/features,features_BTCUSDT_1h_time_delay_111_slice_size_336_dimension_4.csv,article-1/data,BTCUSDT_1d_data_from_20210101_to_20251031.csv,article-1/data,01-output-BTCUSDT_1d-from-2021-12-31 00:00:00-until-2025-07-31 00:00:00-log-return.csv
253,BTCUSDT,TDA_TD_168_SS_504_d3,01/03/2022,30/06/2024,01/07/2024,30/07/2025,article-1/results/processed_log_return_wtmra_0_BTCUSDT_1h_time_delay_168_slice_size_504_dimension_3/features,features_BTCUSDT_1h_time_delay_168_slice_size_504_dimension_3.csv,article-1/data,BTCUSDT_1d_data_from_20210101_to_20251031.csv,article-1/data,01-output-BTCUSDT_1d-from-2021-12-31 00:00:00-until-2025-07-31 00:00:00-log-return.csv
254,BTCUSDT,TDA_TD_167_SS_504_d4,01/03/2022,30/06/2024,01/07/2024,30/07/2025,article-1/results/processed_log_return_wtmra_0_BTCUSDT_1h_time_delay_167_slice_size_504_dimension_4/features,features_BTCUSDT_1h_time_delay_167_slice_size_504_dimension_4.csv,article-1/data,BTCUSDT_1d_data_from_20210101_to_20251031.csv,article-1/data,01-output-BTCUSDT_1d-from-2021-12-31 00:00:00-until-2025-07-31 00:00:00-log-return.csv
255,ETHUSDT,TDA_TD_24_SS_72,01/03/2022,30/06/2024,01/07/2024,30/07/2025,article-1/results/processed_log_return_wtmra_0_ETHUSDT_1h_time_delay_24_slice_size_72/features,features_ETHUSDT_1h_time_delay_24_slice_size_72.csv,article-1/data,ETHUSDT_1d_data_from_20210101_to_20251031.csv,article-1/data,01-output-ETHUSDT_1d-from-2021-12-31 00:00:00-until-2025-07-31 00:00:00-log-return.csv
256,ETHUSDT,TDA_TD_24_SS_168,01/03/2022,30/06/2024,01/07/2024,30/07/2025,article-1/results/processed_log_return_wtmra_0_ETHUSDT_1h_time_delay_24_slice_size_168/features,features_ETHUSDT_1h_time_delay_24_slice_size_168.csv,article-1/data,ETHUSDT_1d_data_from_20210101_to_20251031.csv,article-1/data,01-output-ETHUSDT_1d-from-2021-12-31 00:00:00-until-2025-07-31 00:00:00-log-return.csv
257,ETHUSDT,TDA_TD_48_SS_72,01/03/2022,30/06/2024,01/07/2024,30/07/2025,article-1/results/processed_log_return_wtmra_0_ETHUSDT_1h_time_delay_48_slice_size_72/features,features_ETHUSDT_1h_time_delay_48_slice_size_72.csv,article-1/data,ETHUSDT_1d_data_from_20210101_to_20251031.csv,article-1/data,01-output-ETHUSDT_1d-from-2021-12-31 00:00:00-until-2025-07-31 00:00:00-log-return.csv
258,ETHUSDT,TDA_TD_48_SS_168,01/03/2022,30/06/2024,01/07/2024,30/07/2025,article-1/results/processed_log_return_wtmra_0_ETHUSDT_1h_time_delay_48_slice_size_168/features,features_ETHUSDT_1h_time_delay_48_slice_size_168.csv,article-1/data,ETHUSDT_1d_data_from_20210101_to_20251031.csv,article-1/data,01-output-ETHUSDT_1d-from-2021-12-31 00:00:00-until-2025-07-31 00:00:00-log-return.csv
259,ETHUSDT,TDA_TD_72_SS_336_d3,01/03/2022,30/06/2024,01/07/2024,30/07/2025,article-1/results/processed_log_return_wtmra_0_ETHUSDT_1h_time_delay_72_slice_size_336_dimension_3/features,features_ETHUSDT_1h_time_delay_72_slice_size_336_dimension_3.csv,article-1/data,ETHUSDT_1d_data_from_20210101_to_20251031.csv,article-1/data,01-output-ETHUSDT_1d-from-2021-12-31 00:00:00-until-2025-07-31 00:00:00-log-return.csv
260,ETHUSDT,TDA_TD_72_SS_336_d4,01/03/2022,30/06/2024,01/07/2024,30/07/2025,article-1/results/processed_log_return_wtmra_0_ETHUSDT_1h_time_delay_72_slice_size_336_dimension_4/features,features_ETHUSDT_1h_time_delay_72_slice_size_336_dimension_4.csv,article-1/data,ETHUSDT_1d_data_from_20210101_to_20251031.csv,article-1/data,01-output-ETHUSDT_1d-from-2021-12-31 00:00:00-until-2025-07-31 00:00:00-log-return.csv
261,ETHUSDT,TDA_TD_72_SS_504_d3,01/03/2022,30/06/2024,01/07/2024,30/07/2025,article-1/results/processed_log_return_wtmra_0_ETHUSDT_1h_time_delay_72_slice_size_504_dimension_3/features,features_ETHUSDT_1h_time_delay_72_slice_size_504_dimension_3.csv,article-1/data,ETHUSDT_1d_data_from_20210101_to_20251031.csv,article-1/data,01-output-ETHUSDT_1d-from-2021-12-31 00:00:00-until-2025-07-31 00:00:00-log-return.csv
262,ETHUSDT,TDA_TD_72_SS_504_d4,01/03/2022,30/06/2024,01/07/2024,30/07/2025,article-1/results/processed_log_return_wtmra_0_ETHUSDT_1h_time_delay_72_slice_size_504_dimension_4/features,features_ETHUSDT_1h_time_delay_72_slice_size_504_dimension_4.csv,article-1/data,ETHUSDT_1d_data_from_20210101_to_20251031.csv,article-1/data,01-output-ETHUSDT_1d-from-2021-12-31 00:00:00-until-2025-07-31 00:00:00-log-return.csv
263,ETHUSDT,TDA_TD_167_SS_336_d3,01/03/2022,30/06/2024,01/07/2024,30/07/2025,article-1/results/processed_log_return_wtmra_0_ETHUSDT_1h_time_delay_167_slice_size_336_dimension_3/features,features_ETHUSDT_1h_time_delay_167_slice_size_336_dimension_3.csv,article-1/data,ETHUSDT_1d_data_from_20210101_to_20251031.csv,article-1/data,01-output-ETHUSDT_1d-from-2021-12-31 00:00:00-until-2025-07-31 00:00:00-log-return.csv
264,ETHUSDT,TDA_TD_111_SS_336_d4,01/03/2022,30/06/2024,01/07/2024,30/07/2025,article-1/results/processed_log_return_wtmra_0_ETHUSDT_1h_time_delay_111_slice_size_336_dimension_4/features,features_ETHUSDT_1h_time_delay_111_slice_size_336_dimension_4.csv,article-1/data,ETHUSDT_1d_data_from_20210101_to_20251031.csv,article-1/data,01-output-ETHUSDT_1d-from-2021-12-31 00:00:00-until-2025-07-31 00:00:00-log-return.csv
265,ETHUSDT,TDA_TD_168_SS_504_d3,01/03/2022,30/06/2024,01/07/2024,30/07/2025,article-1/results/processed_log_return_wtmra_0_ETHUSDT_1h_time_delay_168_slice_size_504_dimension_3/features,features_ETHUSDT_1h_time_delay_168_slice_size_504_dimension_3.csv,article-1/data,ETHUSDT_1d_data_from_20210101_to_20251031.csv,article-1/data,01-output-ETHUSDT_1d-from-2021-12-31 00:00:00-until-2025-07-31 00:00:00-log-return.csv
266,ETHUSDT,TDA_TD_167_SS_504_d4,01/03/2022,30/06/2024,01/07/2024,30/07/2025,article-1/results/processed_log_return_wtmra_0_ETHUSDT_1h_time_delay_167_slice_size_504_dimension_4/features,features_ETHUSDT_1h_time_delay_167_slice_size_504_dimension_4.csv,article-1/data,ETHUSDT_1d_data_from_20210101_to_20251031.csv,article-1/data,01-output-ETHUSDT_1d-from-2021-12-31 00:00:00-until-2025-07-31 00:00:00-log-return.csv
267,XRPUSDT,TDA_TD_24_SS_72,01/03/2022,30/06/2024,01/07/2024,30/07/2025,article-1/results/processed_log_return_wtmra_0_XRPUSDT_1h_time_delay_24_slice_size_72/features,features_XRPUSDT_1h_time_delay_24_slice_size_72.csv,article-1/data,XRPUSDT_1d_data_from_20210101_to_20251031.csv,article-1/data,01-output-XRPUSDT_1d-from-2021-12-31 00:00:00-until-2025-07-31 00:00:00-log-return.csv
268,XRPUSDT,TDA_TD_24_SS_168,01/03/2022,30/06/2024,01/07/2024,30/07/2025,article-1/results/processed_log_return_wtmra_0_XRPUSDT_1h_time_delay_24_slice_size_168/features,features_XRPUSDT_1h_time_delay_24_slice_size_168.csv,article-1/data,XRPUSDT_1d_data_from_20210101_to_20251031.csv,article-1/data,01-output-XRPUSDT_1d-from-2021-12-31 00:00:00-until-2025-07-31 00:00:00-log-return.csv
269,XRPUSDT,TDA_TD_48_SS_72,01/03/2022,30/06/2024,01/07/2024,30/07/2025,article-1/results/processed_log_return_wtmra_0_XRPUSDT_1h_time_delay_48_slice_size_72/features,features_XRPUSDT_1h_time_delay_48_slice_size_72.csv,article-1/data,XRPUSDT_1d_data_from_20210101_to_20251031.csv,article-1/data,01-output-XRPUSDT_1d-from-2021-12-31 00:00:00-until-2025-07-31 00:00:00-log-return.csv
270,XRPUSDT,TDA_TD_48_SS_168,01/03/2022,30/06/2024,01/07/2024,30/07/2025,article-1/results/processed_log_return_wtmra_0_XRPUSDT_1h_time_delay_48_slice_size_168/features,features_XRPUSDT_1h_time_delay_48_slice_size_168.csv,article-1/data,XRPUSDT_1d_data_from_20210101_to_20251031.csv,article-1/data,01-output-XRPUSDT_1d-from-2021-12-31 00:00:00-until-2025-07-31 00:00:00-log-return.csv
271,XRPUSDT,TDA_TD_72_SS_336_d3,01/03/2022,30/06/2024,01/07/2024,30/07/2025,article-1/results/processed_log_return_wtmra_0_XRPUSDT_1h_time_delay_72_slice_size_336_dimension_3/features,features_XRPUSDT_1h_time_delay_72_slice_size_336_dimension_3.csv,article-1/data,XRPUSDT_1d_data_from_20210101_to_20251031.csv,article-1/data,01-output-XRPUSDT_1d-from-2021-12-31 00:00:00-until-2025-07-31 00:00:00-log-return.csv
272,XRPUSDT,TDA_TD_72_SS_336_d4,01/03/2022,30/06/2024,01/07/2024,30/07/2025,article-1/results/processed_log_return_wtmra_0_XRPUSDT_1h_time_delay_72_slice_size_336_dimension_4/features,features_XRPUSDT_1h_time_delay_72_slice_size_336_dimension_4.csv,article-1/data,XRPUSDT_1d_data_from_20210101_to_20251031.csv,article-1/data,01-output-XRPUSDT_1d-from-2021-12-31 00:00:00-until-2025-07-31 00:00:00-log-return.csv
273,XRPUSDT,TDA_TD_72_SS_504_d3,01/03/2022,30/06/2024,01/07/2024,30/07/2025,article-1/results/processed_log_return_wtmra_0_XRPUSDT_1h_time_delay_72_slice_size_504_dimension_3/features,features_XRPUSDT_1h_time_delay_72_slice_size_504_dimension_3.csv,article-1/data,XRPUSDT_1d_data_from_20210101_to_20251031.csv,article-1/data,01-output-XRPUSDT_1d-from-2021-12-31 00:00:00-until-2025-07-31 00:00:00-log-return.csv
274,XRPUSDT,TDA_TD_72_SS_504_d4,01/03/2022,30/06/2024,01/07/2024,30/07/2025,article-1/results/processed_log_return_wtmra_0_XRPUSDT_1h_time_delay_72_slice_size_504_dimension_4/features,features_XRPUSDT_1h_time_delay_72_slice_size_504_dimension_4.csv,article-1/data,XRPUSDT_1d_data_from_20210101_to_20251031.csv,article-1/data,01-output-XRPUSDT_1d-from-2021-12-31 00:00:00-until-2025-07-31 00:00:00-log-return.csv
275,XRPUSDT,TDA_TD_167_SS_336_d3,01/03/2022,30/06/2024,01/07/2024,30/07/2025,article-1/results/processed_log_return_wtmra_0_XRPUSDT_1h_time_delay_167_slice_size_336_dimension_3/features,features_XRPUSDT_1h_time_delay_167_slice_size_336_dimension_3.csv,article-1/data,XRPUSDT_1d_data_from_20210101_to_20251031.csv,article-1/data,01-output-XRPUSDT_1d-from-2021-12-31 00:00:00-until-2025-07-31 00:00:00-log-return.csv
276,XRPUSDT,TDA_TD_111_SS_336_d4,01/03/2022,30/06/2024,01/07/2024,30/07/2025,article-1/results/processed_log_return_wtmra_0_XRPUSDT_1h_time_delay_111_slice_size_336_dimension_4/features,features_XRPUSDT_1h_time_delay_111_slice_size_336_dimension_4.csv,article-1/data,XRPUSDT_1d_data_from_20210101_to_20251031.csv,article-1/data,01-output-XRPUSDT_1d-from-2021-12-31 00:00:00-until-2025-07-31 00:00:00-log-return.csv
277,XRPUSDT,TDA_TD_168_SS_504_d3,01/03/2022,30/06/2024,01/07/2024,30/07/2025,article-1/results/processed_log_return_wtmra_0_XRPUSDT_1h_time_delay_168_slice_size_504_dimension_3/features,features_XRPUSDT_1h_time_delay_168_slice_size_504_dimension_3.csv,article-1/data,XRPUSDT_1d_data_from_20210101_to_20251031.csv,article-1/data,01-output-XRPUSDT_1d-from-2021-12-31 00:00:00-until-2025-07-31 00:00:00-log-return.csv
278,XRPUSDT,TDA_TD_167_SS_504_d4,01/03/2022,30/06/2024,01/07/2024,30/07/2025,article-1/results/processed_log_return_wtmra_0_XRPUSDT_1h_time_delay_167_slice_size_504_dimension_4/features,features_XRPUSDT_1h_time_delay_167_slice_size_504_dimension_4.csv,article-1/data,XRPUSDT_1d_data_from_20210101_to_20251031.csv,article-1/data,01-output-XRPUSDT_1d-from-2021-12-31 00:00:00-until-2025-07-31 00:00:00-log-return.csv
279,ADAUSDT,TDA_TD_24_SS_72,01/03/2022,30/06/2024,01/07/2024,30/07/2025,article-1/results/processed_log_return_wtmra_0_ADAUSDT_1h_time_delay_24_slice_size_72/features,features_ADAUSDT_1h_time_delay_24_slice_size_72.csv,article-1/data,ADAUSDT_1d_data_from_20210101_to_20251031.csv,article-1/data,01-output-ADAUSDT_1d-from-2021-12-31 00:00:00-until-2025-07-31 00:00:00-log-return.csv
280,ADAUSDT,TDA_TD_24_SS_168,01/03/2022,30/06/2024,01/07/2024,30/07/2025,article-1/results/processed_log_return_wtmra_0_ADAUSDT_1h_time_delay_24_slice_size_168/features,features_ADAUSDT_1h_time_delay_24_slice_size_168.csv,article-1/data,ADAUSDT_1d_data_from_20210101_to_20251031.csv,article-1/data,01-output-ADAUSDT_1d-from-2021-12-31 00:00:00-until-2025-07-31 00:00:00-log-return.csv
281,ADAUSDT,TDA_TD_48_SS_72,01/03/2022,30/06/2024,01/07/2024,30/07/2025,article-1/results/processed_log_return_wtmra_0_ADAUSDT_1h_time_delay_48_slice_size_72/features,features_ADAUSDT_1h_time_delay_48_slice_size_72.csv,article-1/data,ADAUSDT_1d_data_from_20210101_to_20251031.csv,article-1/data,01-output-ADAUSDT_1d-from-2021-12-31 00:00:00-until-2025-07-31 00:00:00-log-return.csv
282,ADAUSDT,TDA_TD_48_SS_168,01/03/2022,30/06/2024,01/07/2024,30/07/2025,article-1/results/processed_log_return_wtmra_0_ADAUSDT_1h_time_delay_48_slice_size_168/features,features_ADAUSDT_1h_time_delay_48_slice_size_168.csv,article-1/data,ADAUSDT_1d_data_from_20210101_to_20251031.csv,article-1/data,01-output-ADAUSDT_1d-from-2021-12-31 00:00:00-until-2025-07-31 00:00:00-log-return.csv
283,ADAUSDT,TDA_TD_72_SS_336_d3,01/03/2022,30/06/2024,01/07/2024,30/07/2025,article-1/results/processed_log_return_wtmra_0_ADAUSDT_1h_time_delay_72_slice_size_336_dimension_3/features,features_ADAUSDT_1h_time_delay_72_slice_size_336_dimension_3.csv,article-1/data,ADAUSDT_1d_data_from_20210101_to_20251031.csv,article-1/data,01-output-ADAUSDT_1d-from-2021-12-31 00:00:00-until-2025-07-31 00:00:00-log-return.csv
284,ADAUSDT,TDA_TD_72_SS_336_d4,01/03/2022,30/06/2024,01/07/2024,30/07/2025,article-1/results/processed_log_return_wtmra_0_ADAUSDT_1h_time_delay_72_slice_size_336_dimension_4/features,features_ADAUSDT_1h_time_delay_72_slice_size_336_dimension_4.csv,article-1/data,ADAUSDT_1d_data_from_20210101_to_20251031.csv,article-1/data,01-output-ADAUSDT_1d-from-2021-12-31 00:00:00-until-2025-07-31 00:00:00-log-return.csv
285,ADAUSDT,TDA_TD_72_SS_504_d3,01/03/2022,30/06/2024,01/07/2024,30/07/2025,article-1/results/processed_log_return_wtmra_0_ADAUSDT_1h_time_delay_72_slice_size_504_dimension_3/features,features_ADAUSDT_1h_time_delay_72_slice_size_504_dimension_3.csv,article-1/data,ADAUSDT_1d_data_from_20210101_to_20251031.csv,article-1/data,01-output-ADAUSDT_1d-from-2021-12-31 00:00:00-until-2025-07-31 00:00:00-log-return.csv
286,ADAUSDT,TDA_TD_72_SS_504_d4,01/03/2022,30/06/2024,01/07/2024,30/07/2025,article-1/results/processed_log_return_wtmra_0_ADAUSDT_1h_time_delay_72_slice_size_504_dimension_4/features,features_ADAUSDT_1h_time_delay_72_slice_size_504_dimension_4.csv,article-1/data,ADAUSDT_1d_data_from_20210101_to_20251031.csv,article-1/data,01-output-ADAUSDT_1d-from-2021-12-31 00:00:00-until-2025-07-31 00:00:00-log-return.csv
287,ADAUSDT,TDA_TD_167_SS_336_d3,01/03/2022,30/06/2024,01/07/2024,30/07/2025,article-1/results/processed_log_return_wtmra_0_ADAUSDT_1h_time_delay_167_slice_size_336_dimension_3/features,features_ADAUSDT_1h_time_delay_167_slice_size_336_dimension_3.csv,article-1/data,ADAUSDT_1d_data_from_20210101_to_20251031.csv,article-1/data,01-output-ADAUSDT_1d-from-2021-12-31 00:00:00-until-2025-07-31 00:00:00-log-return.csv
288,ADAUSDT,TDA_TD_111_SS_336_d4,01/03/2022,30/06/2024,01/07/2024,30/07/2025,article-1/results/processed_log_return_wtmra_0_ADAUSDT_1h_time_delay_111_slice_size_336_dimension_4/features,features_ADAUSDT_1h_time_delay_111_slice_size_336_dimension_4.csv,article-1/data,ADAUSDT_1d_data_from_20210101_to_20251031.csv,article-1/data,01-output-ADAUSDT_1d-from-2021-12-31 00:00:00-until-2025-07-31 00:00:00-log-return.csv
289,ADAUSDT,TDA_TD_168_SS_504_d3,01/03/2022,30/06/2024,01/07/2024,30/07/2025,article-1/results/processed_log_return_wtmra_0_ADAUSDT_1h_time_delay_168_slice_size_504_dimension_3/features,features_ADAUSDT_1h_time_delay_168_slice_size_504_dimension_3.csv,article-1/data,ADAUSDT_1d_data_from_20210101_to_20251031.csv,article-1/data,01-output-ADAUSDT_1d-from-2021-12-31 00:00:00-until-2025-07-31 00:00:00-log-return.csv
290,ADAUSDT,TDA_TD_167_SS_504_d4,01/03/2022,30/06/2024,01/07/2024,30/07/2025,article-1/results/processed_log_return_wtmra_0_ADAUSDT_1h_time_delay_167_slice_size_504_dimension_4/features,features_ADAUSDT_1h_time_delay_167_slice_size_504_dimension_4.csv,article-1/data,ADAUSDT_1d_data_from_20210101_to_20251031.csv,article-1/data,01-output-ADAUSDT_1d-from-2021-12-31 00:00:00-until-2025-07-31 00:00:00-log-return.csv
291,LTCUSDT,TDA_TD_24_SS_72,01/03/2022,30/06/2024,01/07/2024,30/07/2025,article-1/results/processed_log_return_wtmra_0_LTCUSDT_1h_time_delay_24_slice_size_72/features,features_LTCUSDT_1h_time_delay_24_slice_size_72.csv,article-1/data,LTCUSDT_1d_data_from_20210101_to_20251031.csv,article-1/data,01-output-LTCUSDT_1d-from-2021-12-31 00:00:00-until-2025-07-31 00:00:00-log-return.csv
292,LTCUSDT,TDA_TD_24_SS_168,01/03/2022,30/06/2024,01/07/2024,30/07/2025,article-1/results/processed_log_return_wtmra_0_LTCUSDT_1h_time_delay_24_slice_size_168/features,features_LTCUSDT_1h_time_delay_24_slice_size_168.csv,article-1/data,LTCUSDT_1d_data_from_20210101_to_20251031.csv,article-1/data,01-output-LTCUSDT_1d-from-2021-12-31 00:00:00-until-2025-07-31 00:00:00-log-return.csv
293,LTCUSDT,TDA_TD_48_SS_72,01/03/2022,30/06/2024,01/07/2024,30/07/2025,article-1/results/processed_log_return_wtmra_0_LTCUSDT_1h_time_delay_48_slice_size_72/features,features_LTCUSDT_1h_time_delay_48_slice_size_72.csv,article-1/data,LTCUSDT_1d_data_from_20210101_to_20251031.csv,article-1/data,01-output-LTCUSDT_1d-from-2021-12-31 00:00:00-until-2025-07-31 00:00:00-log-return.csv
294,LTCUSDT,TDA_TD_48_SS_168,01/03/2022,30/06/2024,01/07/2024,30/07/2025,article-1/results/processed_log_return_wtmra_0_LTCUSDT_1h_time_delay_48_slice_size_168/features,features_LTCUSDT_1h_time_delay_48_slice_size_168.csv,article-1/data,LTCUSDT_1d_data_from_20210101_to_20251031.csv,article-1/data,01-output-LTCUSDT_1d-from-2021-12-31 00:00:00-until-2025-07-31 00:00:00-log-return.csv
295,LTCUSDT,TDA_TD_72_SS_336_d3,01/03/2022,30/06/2024,01/07/2024,30/07/2025,article-1/results/processed_log_return_wtmra_0_LTCUSDT_1h_time_delay_72_slice_size_336_dimension_3/features,features_LTCUSDT_1h_time_delay_72_slice_size_336_dimension_3.csv,article-1/data,LTCUSDT_1d_data_from_20210101_to_20251031.csv,article-1/data,01-output-LTCUSDT_1d-from-2021-12-31 00:00:00-until-2025-07-31 00:00:00-log-return.csv
296,LTCUSDT,TDA_TD_72_SS_336_d4,01/03/2022,30/06/2024,01/07/2024,30/07/2025,article-1/results/processed_log_return_wtmra_0_LTCUSDT_1h_time_delay_72_slice_size_336_dimension_4/features,features_LTCUSDT_1h_time_delay_72_slice_size_336_dimension_4.csv,article-1/data,LTCUSDT_1d_data_from_20210101_to_20251031.csv,article-1/data,01-output-LTCUSDT_1d-from-2021-12-31 00:00:00-until-2025-07-31 00:00:00-log-return.csv
297,LTCUSDT,TDA_TD_72_SS_504_d3,01/03/2022,30/06/2024,01/07/2024,30/07/2025,article-1/results/processed_log_return_wtmra_0_LTCUSDT_1h_time_delay_72_slice_size_504_dimension_3/features,features_LTCUSDT_1h_time_delay_72_slice_size_504_dimension_3.csv,article-1/data,LTCUSDT_1d_data_from_20210101_to_20251031.csv,article-1/data,01-output-LTCUSDT_1d-from-2021-12-31 00:00:00-until-2025-07-31 00:00:00-log-return.csv
298,LTCUSDT,TDA_TD_72_SS_504_d4,01/03/2022,30/06/2024,01/07/2024,30/07/2025,article-1/results/processed_log_return_wtmra_0_LTCUSDT_1h_time_delay_72_slice_size_504_dimension_4/features,features_LTCUSDT_1h_time_delay_72_slice_size_504_dimension_4.csv,article-1/data,LTCUSDT_1d_data_from_20210101_to_20251031.csv,article-1/data,01-output-LTCUSDT_1d-from-2021-12-31 00:00:00-until-2025-07-31 00:00:00-log-return.csv
299,LTCUSDT,TDA_TD_167_SS_336_d3,01/03/2022,30/06/2024,01/07/2024,30/07/2025,article-1/results/processed_log_return_wtmra_0_LTCUSDT_1h_time_delay_167_slice_size_336_dimension_3/features,features_LTCUSDT_1h_time_delay_167_slice_size_336_dimension_3.csv,article-1/data,LTCUSDT_1d_data_from_20210101_to_20251031.csv,article-1/data,01-output-LTCUSDT_1d-from-2021-12-31 00:00:00-until-2025-07-31 00:00:00-log-return.csv
300,LTCUSDT,TDA_TD_111_SS_336_d4,01/03/2022,30/06/2024,01/07/2024,30/07/2025,article-1/results/processed_log_return_wtmra_0_LTCUSDT_1h_time_delay_111_slice_size_336_dimension_4/features,features_LTCUSDT_1h_time_delay_111_slice_size_336_dimension_4.csv,article-1/data,LTCUSDT_1d_data_from_20210101_to_20251031.csv,article-1/data,01-output-LTCUSDT_1d-from-2021-12-31 00:00:00-until-2025-07-31 00:00:00-log-return.csv
301,LTCUSDT,TDA_TD_168_SS_504_d3,01/03/2022,30/06/2024,01/07/2024,30/07/2025,article-1/results/processed_log_return_wtmra_0_LTCUSDT_1h_time_delay_168_slice_size_504_dimension_3/features,features_LTCUSDT_1h_time_delay_168_slice_size_504_dimension_3.csv,article-1/data,LTCUSDT_1d_data_from_20210101_to_20251031.csv,article-1/data,01-output-LTCUSDT_1d-from-2021-12-31 00:00:00-until-2025-07-31 00:00:00-log-return.csv
302,LTCUSDT,TDA_TD_167_SS_504_d4,01/03/2022,30/06/2024,01/07/2024,30/07/2025,article-1/results/processed_log_return_wtmra_0_LTCUSDT_1h_time_delay_167_slice_size_504_dimension_4/features,features_LTCUSDT_1h_time_delay_167_slice_size_504_dimension_4.csv,article-1/data,LTCUSDT_1d_data_from_20210101_to_20251031.csv,article-1/data,01-output-LTCUSDT_1d-from-2021-12-31 00:00:00-until-2025-07-31 00:00:00-log-return.csv
303,^FCHI,TDA_TD_24_SS_72,01/03/2022,30/06/2024,01/07/2024,30/07/2025,article-1/results/processed_log_return_wtmra_0_^FCHI_1h_time_delay_24_slice_size_72/features,features_^FCHI_1h_time_delay_24_slice_size_72.csv,article-1/data,^FCHI_1d_ib.csv,article-1/data,01-output-^FCHI_1d-from-2021-12-31 00:00:00-until-2025-07-31 00:00:00-log-return.csv
304,^FCHI,TDA_TD_24_SS_168,01/03/2022,30/06/2024,01/07/2024,30/07/2025,article-1/results/processed_log_return_wtmra_0_^FCHI_1h_time_delay_24_slice_size_168/features,features_^FCHI_1h_time_delay_24_slice_size_168.csv,article-1/data,^FCHI_1d_ib.csv,article-1/data,01-output-^FCHI_1d-from-2021-12-31 00:00:00-until-2025-07-31 00:00:00-log-return.csv
305,^FCHI,TDA_TD_48_SS_72,01/03/2022,30/06/2024,01/07/2024,30/07/2025,article-1/results/processed_log_return_wtmra_0_^FCHI_1h_time_delay_48_slice_size_72/features,features_^FCHI_1h_time_delay_48_slice_size_72.csv,article-1/data,^FCHI_1d_ib.csv,article-1/data,01-output-^FCHI_1d-from-2021-12-31 00:00:00-until-2025-07-31 00:00:00-log-return.csv
306,^FCHI,TDA_TD_48_SS_168,01/03/2022,30/06/2024,01/07/2024,30/07/2025,article-1/results/processed_log_return_wtmra_0_^FCHI_1h_time_delay_48_slice_size_168/features,features_^FCHI_1h_time_delay_48_slice_size_168.csv,article-1/data,^FCHI_1d_ib.csv,article-1/data,01-output-^FCHI_1d-from-2021-12-31 00:00:00-until-2025-07-31 00:00:00-log-return.csv
307,^FCHI,TDA_TD_72_SS_336_d3,01/03/2022,30/06/2024,01/07/2024,30/07/2025,article-1/results/processed_log_return_wtmra_0_^FCHI_1h_time_delay_72_slice_size_336_dimension_3/features,features_^FCHI_1h_time_delay_72_slice_size_336_dimension_3.csv,article-1/data,^FCHI_1d_ib.csv,article-1/data,01-output-^FCHI_1d-from-2021-12-31 00:00:00-until-2025-07-31 00:00:00-log-return.csv
308,^FCHI,TDA_TD_72_SS_336_d4,01/03/2022,30/06/2024,01/07/2024,30/07/2025,article-1/results/processed_log_return_wtmra_0_^FCHI_1h_time_delay_72_slice_size_336_dimension_4/features,features_^FCHI_1h_time_delay_72_slice_size_336_dimension_4.csv,article-1/data,^FCHI_1d_ib.csv,article-1/data,01-output-^FCHI_1d-from-2021-12-31 00:00:00-until-2025-07-31 00:00:00-log-return.csv
309,^FCHI,TDA_TD_72_SS_504_d3,01/03/2022,30/06/2024,01/07/2024,30/07/2025,article-1/results/processed_log_return_wtmra_0_^FCHI_1h_time_delay_72_slice_size_504_dimension_3/features,features_^FCHI_1h_time_delay_72_slice_size_504_dimension_3.csv,article-1/data,^FCHI_1d_ib.csv,article-1/data,01-output-^FCHI_1d-from-2021-12-31 00:00:00-until-2025-07-31 00:00:00-log-return.csv
310,^FCHI,TDA_TD_72_SS_504_d4,01/03/2022,30/06/2024,01/07/2024,30/07/2025,article-1/results/processed_log_return_wtmra_0_^FCHI_1h_time_delay_72_slice_size_504_dimension_4/features,features_^FCHI_1h_time_delay_72_slice_size_504_dimension_4.csv,article-1/data,^FCHI_1d_ib.csv,article-1/data,01-output-^FCHI_1d-from-2021-12-31 00:00:00-until-2025-07-31 00:00:00-log-return.csv
311,^FCHI,TDA_TD_167_SS_336_d3,01/03/2022,30/06/2024,01/07/2024,30/07/2025,article-1/results/processed_log_return_wtmra_0_^FCHI_1h_time_delay_167_slice_size_336_dimension_3/features,features_^FCHI_1h_time_delay_167_slice_size_336_dimension_3.csv,article-1/data,^FCHI_1d_ib.csv,article-1/data,01-output-^FCHI_1d-from-2021-12-31 00:00:00-until-2025-07-31 00:00:00-log-return.csv
312,^FCHI,TDA_TD_111_SS_336_d4,01/03/2022,30/06/2024,01/07/2024,30/07/2025,article-1/results/processed_log_return_wtmra_0_^FCHI_1h_time_delay_111_slice_size_336_dimension_4/features,features_^FCHI_1h_time_delay_111_slice_size_336_dimension_4.csv,article-1/data,^FCHI_1d_ib.csv,article-1/data,01-output-^FCHI_1d-from-2021-12-31 00:00:00-until-2025-07-31 00:00:00-log-return.csv
313,^FCHI,TDA_TD_168_SS_504_d3,01/03/2022,30/06/2024,01/07/2024,30/07/2025,article-1/results/processed_log_return_wtmra_0_^FCHI_1h_time_delay_168_slice_size_504_dimension_3/features,features_^FCHI_1h_time_delay_168_slice_size_504_dimension_3.csv,article-1/data,^FCHI_1d_ib.csv,article-1/data,01-output-^FCHI_1d-from-2021-12-31 00:00:00-until-2025-07-31 00:00:00-log-return.csv
314,^FCHI,TDA_TD_167_SS_504_d4,01/03/2022,30/06/2024,01/07/2024,30/07/2025,article-1/results/processed_log_return_wtmra_0_^FCHI_1h_time_delay_167_slice_size_504_dimension_4/features,features_^FCHI_1h_time_delay_167_slice_size_504_dimension_4.csv,article-1/data,^FCHI_1d_ib.csv,article-1/data,01-output-^FCHI_1d-from-2021-12-31 00:00:00-until-2025-07-31 00:00:00-log-return.csv
315,USO,TDA_TD_24_SS_72,01/03/2022,30/06/2024,01/07/2024,30/07/2025,article-1/results/processed_log_return_wtmra_0_USO_1h_time_delay_24_slice_size_72/features,features_USO_1h_time_delay_24_slice_size_72.csv,article-1/data,USO_1d_ib.csv,article-1/data,01-output-USO_1d-from-2021-12-31 00:00:00-until-2025-07-31 00:00:00-log-return.csv
316,USO,TDA_TD_24_SS_168,01/03/2022,30/06/2024,01/07/2024,30/07/2025,article-1/results/processed_log_return_wtmra_0_USO_1h_time_delay_24_slice_size_168/features,features_USO_1h_time_delay_24_slice_size_168.csv,article-1/data,USO_1d_ib.csv,article-1/data,01-output-USO_1d-from-2021-12-31 00:00:00-until-2025-07-31 00:00:00-log-return.csv
317,USO,TDA_TD_48_SS_72,01/03/2022,30/06/2024,01/07/2024,30/07/2025,article-1/results/processed_log_return_wtmra_0_USO_1h_time_delay_48_slice_size_72/features,features_USO_1h_time_delay_48_slice_size_72.csv,article-1/data,USO_1d_ib.csv,article-1/data,01-output-USO_1d-from-2021-12-31 00:00:00-until-2025-07-31 00:00:00-log-return.csv
318,USO,TDA_TD_48_SS_168,01/03/2022,30/06/2024,01/07/2024,30/07/2025,article-1/results/processed_log_return_wtmra_0_USO_1h_time_delay_48_slice_size_168/features,features_USO_1h_time_delay_48_slice_size_168.csv,article-1/data,USO_1d_ib.csv,article-1/data,01-output-USO_1d-from-2021-12-31 00:00:00-until-2025-07-31 00:00:00-log-return.csv
319,USO,TDA_TD_72_SS_336_d3,01/03/2022,30/06/2024,01/07/2024,30/07/2025,article-1/results/processed_log_return_wtmra_0_USO_1h_time_delay_72_slice_size_336_dimension_3/features,features_USO_1h_time_delay_72_slice_size_336_dimension_3.csv,article-1/data,USO_1d_ib.csv,article-1/data,01-output-USO_1d-from-2021-12-31 00:00:00-until-2025-07-31 00:00:00-log-return.csv
320,USO,TDA_TD_72_SS_336_d4,01/03/2022,30/06/2024,01/07/2024,30/07/2025,article-1/results/processed_log_return_wtmra_0_USO_1h_time_delay_72_slice_size_336_dimension_4/features,features_USO_1h_time_delay_72_slice_size_336_dimension_4.csv,article-1/data,USO_1d_ib.csv,article-1/data,01-output-USO_1d-from-2021-12-31 00:00:00-until-2025-07-31 00:00:00-log-return.csv
321,USO,TDA_TD_72_SS_504_d3,01/03/2022,30/06/2024,01/07/2024,30/07/2025,article-1/results/processed_log_return_wtmra_0_USO_1h_time_delay_72_slice_size_504_dimension_3/features,features_USO_1h_time_delay_72_slice_size_504_dimension_3.csv,article-1/data,USO_1d_ib.csv,article-1/data,01-output-USO_1d-from-2021-12-31 00:00:00-until-2025-07-31 00:00:00-log-return.csv
322,USO,TDA_TD_72_SS_504_d4,01/03/2022,30/06/2024,01/07/2024,30/07/2025,article-1/results/processed_log_return_wtmra_0_USO_1h_time_delay_72_slice_size_504_dimension_4/features,features_USO_1h_time_delay_72_slice_size_504_dimension_4.csv,article-1/data,USO_1d_ib.csv,article-1/data,01-output-USO_1d-from-2021-12-31 00:00:00-until-2025-07-31 00:00:00-log-return.csv
323,USO,TDA_TD_167_SS_336_d3,01/03/2022,30/06/2024,01/07/2024,30/07/2025,article-1/results/processed_log_return_wtmra_0_USO_1h_time_delay_167_slice_size_336_dimension_3/features,features_USO_1h_time_delay_167_slice_size_336_dimension_3.csv,article-1/data,USO_1d_ib.csv,article-1/data,01-output-USO_1d-from-2021-12-31 00:00:00-until-2025-07-31 00:00:00-log-return.csv
324,USO,TDA_TD_111_SS_336_d4,01/03/2022,30/06/2024,01/07/2024,30/07/2025,article-1/results/processed_log_return_wtmra_0_USO_1h_time_delay_111_slice_size_336_dimension_4/features,features_USO_1h_time_delay_111_slice_size_336_dimension_4.csv,article-1/data,USO_1d_ib.csv,article-1/data,01-output-USO_1d-from-2021-12-31 00:00:00-until-2025-07-31 00:00:00-log-return.csv
325,USO,TDA_TD_168_SS_504_d3,01/03/2022,30/06/2024,01/07/2024,30/07/2025,article-1/results/processed_log_return_wtmra_0_USO_1h_time_delay_168_slice_size_504_dimension_3/features,features_USO_1h_time_delay_168_slice_size_504_dimension_3.csv,article-1/data,USO_1d_ib.csv,article-1/data,01-output-USO_1d-from-2021-12-31 00:00:00-until-2025-07-31 00:00:00-log-return.csv
326,USO,TDA_TD_167_SS_504_d4,01/03/2022,30/06/2024,01/07/2024,30/07/2025,article-1/results/processed_log_return_wtmra_0_USO_1h_time_delay_167_slice_size_504_dimension_4/features,features_USO_1h_time_delay_167_slice_size_504_dimension_4.csv,article-1/data,USO_1d_ib.csv,article-1/data,01-output-USO_1d-from-2021-12-31 00:00:00-until-2025-07-31 00:00:00-log-return.csv
327,EURUSD,TDA_TD_24_SS_72,01/03/2022,30/06/2024,01/07/2024,30/07/2025,article-1/results/processed_log_return_wtmra_0_EURUSD_1h_time_delay_24_slice_size_72/features,features_EURUSD_1h_time_delay_24_slice_size_72.csv,article-1/data,EURUSD_1d_ib.csv,article-1/data,01-output-EURUSD_1d-from-2021-12-31 00:00:00-until-2025-07-31 00:00:00-log-return.csv
328,EURUSD,TDA_TD_24_SS_168,01/03/2022,30/06/2024,01/07/2024,30/07/2025,article-1/results/processed_log_return_wtmra_0_EURUSD_1h_time_delay_24_slice_size_168/features,features_EURUSD_1h_time_delay_24_slice_size_168.csv,article-1/data,EURUSD_1d_ib.csv,article-1/data,01-output-EURUSD_1d-from-2021-12-31 00:00:00-until-2025-07-31 00:00:00-log-return.csv
329,EURUSD,TDA_TD_48_SS_72,01/03/2022,30/06/2024,01/07/2024,30/07/2025,article-1/results/processed_log_return_wtmra_0_EURUSD_1h_time_delay_48_slice_size_72/features,features_EURUSD_1h_time_delay_48_slice_size_72.csv,article-1/data,EURUSD_1d_ib.csv,article-1/data,01-output-EURUSD_1d-from-2021-12-31 00:00:00-until-2025-07-31 00:00:00-log-return.csv
330,EURUSD,TDA_TD_48_SS_168,01/03/2022,30/06/2024,01/07/2024,30/07/2025,article-1/results/processed_log_return_wtmra_0_EURUSD_1h_time_delay_48_slice_size_168/features,features_EURUSD_1h_time_delay_48_slice_size_168.csv,article-1/data,EURUSD_1d_ib.csv,article-1/data,01-output-EURUSD_1d-from-2021-12-31 00:00:00-until-2025-07-31 00:00:00-log-return.csv
331,EURUSD,TDA_TD_72_SS_336_d3,01/03/2022,30/06/2024,01/07/2024,30/07/2025,article-1/results/processed_log_return_wtmra_0_EURUSD_1h_time_delay_72_slice_size_336_dimension_3/features,features_EURUSD_1h_time_delay_72_slice_size_336_dimension_3.csv,article-1/data,EURUSD_1d_ib.csv,article-1/data,01-output-EURUSD_1d-from-2021-12-31 00:00:00-until-2025-07-31 00:00:00-log-return.csv
332,EURUSD,TDA_TD_72_SS_336_d4,01/03/2022,30/06/2024,01/07/2024,30/07/2025,article-1/results/processed_log_return_wtmra_0_EURUSD_1h_time_delay_72_slice_size_336_dimension_4/features,features_EURUSD_1h_time_delay_72_slice_size_336_dimension_4.csv,article-1/data,EURUSD_1d_ib.csv,article-1/data,01-output-EURUSD_1d-from-2021-12-31 00:00:00-until-2025-07-31 00:00:00-log-return.csv
333,EURUSD,TDA_TD_72_SS_504_d3,01/03/2022,30/06/2024,01/07/2024,30/07/2025,article-1/results/processed_log_return_wtmra_0_EURUSD_1h_time_delay_72_slice_size_504_dimension_3/features,features_EURUSD_1h_time_delay_72_slice_size_504_dimension_3.csv,article-1/data,EURUSD_1d_ib.csv,article-1/data,01-output-EURUSD_1d-from-2021-12-31 00:00:00-until-2025-07-31 00:00:00-log-return.csv
334,EURUSD,TDA_TD_72_SS_504_d4,01/03/2022,30/06/2024,01/07/2024,30/07/2025,article-1/results/processed_log_return_wtmra_0_EURUSD_1h_time_delay_72_slice_size_504_dimension_4/features,features_EURUSD_1h_time_delay_72_slice_size_504_dimension_4.csv,article-1/data,EURUSD_1d_ib.csv,article-1/data,01-output-EURUSD_1d-from-2021-12-31 00:00:00-until-2025-07-31 00:00:00-log-return.csv
335,EURUSD,TDA_TD_167_SS_336_d3,01/03/2022,30/06/2024,01/07/2024,30/07/2025,article-1/results/processed_log_return_wtmra_0_EURUSD_1h_time_delay_167_slice_size_336_dimension_3/features,features_EURUSD_1h_time_delay_167_slice_size_336_dimension_3.csv,article-1/data,EURUSD_1d_ib.csv,article-1/data,01-output-EURUSD_1d-from-2021-12-31 00:00:00-until-2025-07-31 00:00:00-log-return.csv
336,EURUSD,TDA_TD_111_SS_336_d4,01/03/2022,30/06/2024,01/07/2024,30/07/2025,article-1/results/processed_log_return_wtmra_0_EURUSD_1h_time_delay_111_slice_size_336_dimension_4/features,features_EURUSD_1h_time_delay_111_slice_size_336_dimension_4.csv,article-1/data,EURUSD_1d_ib.csv,article-1/data,01-output-EURUSD_1d-from-2021-12-31 00:00:00-until-2025-07-31 00:00:00-log-return.csv
337,EURUSD,TDA_TD_168_SS_504_d3,01/03/2022,30/06/2024,01/07/2024,30/07/2025,article-1/results/processed_log_return_wtmra_0_EURUSD_1h_time_delay_168_slice_size_504_dimension_3/features,features_EURUSD_1h_time_delay_168_slice_size_504_dimension_3.csv,article-1/data,EURUSD_1d_ib.csv,article-1/data,01-output-EURUSD_1d-from-2021-12-31 00:00:00-until-2025-07-31 00:00:00-log-return.csv
338,EURUSD,TDA_TD_167_SS_504_d4,01/03/2022,30/06/2024,01/07/2024,30/07/2025,article-1/results/processed_log_return_wtmra_0_EURUSD_1h_time_delay_167_slice_size_504_dimension_4/features,features_EURUSD_1h_time_delay_167_slice_size_504_dimension_4.csv,article-1/data,EURUSD_1d_ib.csv,article-1/data,01-output-EURUSD_1d-from-2021-12-31 00:00:00-until-2025-07-31 00:00:00-log-return.csv
339,IEUR,TDA_TD_24_SS_72,01/03/2022,30/06/2024,01/07/2024,30/07/2025,article-1/results/processed_log_return_wtmra_0_IEUR_1h_time_delay_24_slice_size_72/features,features_IEUR_1h_time_delay_24_slice_size_72.csv,article-1/data,IEUR_1d_ib.csv,article-1/data,01-output-IEUR_1d-from-2021-12-31 00:00:00-until-2025-07-31 00:00:00-log-return.csv
340,IEUR,TDA_TD_24_SS_168,01/03/2022,30/06/2024,01/07/2024,30/07/2025,article-1/results/processed_log_return_wtmra_0_IEUR_1h_time_delay_24_slice_size_168/features,features_IEUR_1h_time_delay_24_slice_size_168.csv,article-1/data,IEUR_1d_ib.csv,article-1/data,01-output-IEUR_1d-from-2021-12-31 00:00:00-until-2025-07-31 00:00:00-log-return.csv
341,IEUR,TDA_TD_48_SS_72,01/03/2022,30/06/2024,01/07/2024,30/07/2025,article-1/results/processed_log_return_wtmra_0_IEUR_1h_time_delay_48_slice_size_72/features,features_IEUR_1h_time_delay_48_slice_size_72.csv,article-1/data,IEUR_1d_ib.csv,article-1/data,01-output-IEUR_1d-from-2021-12-31 00:00:00-until-2025-07-31 00:00:00-log-return.csv
342,IEUR,TDA_TD_48_SS_168,01/03/2022,30/06/2024,01/07/2024,30/07/2025,article-1/results/processed_log_return_wtmra_0_IEUR_1h_time_delay_48_slice_size_168/features,features_IEUR_1h_time_delay_48_slice_size_168.csv,article-1/data,IEUR_1d_ib.csv,article-1/data,01-output-IEUR_1d-from-2021-12-31 00:00:00-until-2025-07-31 00:00:00-log-return.csv
343,IEUR,TDA_TD_72_SS_336_d3,01/03/2022,30/06/2024,01/07/2024,30/07/2025,article-1/results/processed_log_return_wtmra_0_IEUR_1h_time_delay_72_slice_size_336_dimension_3/features,features_IEUR_1h_time_delay_72_slice_size_336_dimension_3.csv,article-1/data,IEUR_1d_ib.csv,article-1/data,01-output-IEUR_1d-from-2021-12-31 00:00:00-until-2025-07-31 00:00:00-log-return.csv
344,IEUR,TDA_TD_72_SS_336_d4,01/03/2022,30/06/2024,01/07/2024,30/07/2025,article-1/results/processed_log_return_wtmra_0_IEUR_1h_time_delay_72_slice_size_336_dimension_4/features,features_IEUR_1h_time_delay_72_slice_size_336_dimension_4.csv,article-1/data,IEUR_1d_ib.csv,article-1/data,01-output-IEUR_1d-from-2021-12-31 00:00:00-until-2025-07-31 00:00:00-log-return.csv
345,IEUR,TDA_TD_72_SS_504_d3,01/03/2022,30/06/2024,01/07/2024,30/07/2025,article-1/results/processed_log_return_wtmra_0_IEUR_1h_time_delay_72_slice_size_504_dimension_3/features,features_IEUR_1h_time_delay_72_slice_size_504_dimension_3.csv,article-1/data,IEUR_1d_ib.csv,article-1/data,01-output-IEUR_1d-from-2021-12-31 00:00:00-until-2025-07-31 00:00:00-log-return.csv
346,IEUR,TDA_TD_72_SS_504_d4,01/03/2022,30/06/2024,01/07/2024,30/07/2025,article-1/results/processed_log_return_wtmra_0_IEUR_1h_time_delay_72_slice_size_504_dimension_4/features,features_IEUR_1h_time_delay_72_slice_size_504_dimension_4.csv,article-1/data,IEUR_1d_ib.csv,article-1/data,01-output-IEUR_1d-from-2021-12-31 00:00:00-until-2025-07-31 00:00:00-log-return.csv
347,IEUR,TDA_TD_167_SS_336_d3,01/03/2022,30/06/2024,01/07/2024,30/07/2025,article-1/results/processed_log_return_wtmra_0_IEUR_1h_time_delay_167_slice_size_336_dimension_3/features,features_IEUR_1h_time_delay_167_slice_size_336_dimension_3.csv,article-1/data,IEUR_1d_ib.csv,article-1/data,01-output-IEUR_1d-from-2021-12-31 00:00:00-until-2025-07-31 00:00:00-log-return.csv
348,IEUR,TDA_TD_111_SS_336_d4,01/03/2022,30/06/2024,01/07/2024,30/07/2025,article-1/results/processed_log_return_wtmra_0_IEUR_1h_time_delay_111_slice_size_336_dimension_4/features,features_IEUR_1h_time_delay_111_slice_size_336_dimension_4.csv,article-1/data,IEUR_1d_ib.csv,article-1/data,01-output-IEUR_1d-from-2021-12-31 00:00:00-until-2025-07-31 00:00:00-log-return.csv
349,IEUR,TDA_TD_168_SS_504_d3,01/03/2022,30/06/2024,01/07/2024,30/07/2025,article-1/results/processed_log_return_wtmra_0_IEUR_1h_time_delay_168_slice_size_504_dimension_3/features,features_IEUR_1h_time_delay_168_slice_size_504_dimension_3.csv,article-1/data,IEUR_1d_ib.csv,article-1/data,01-output-IEUR_1d-from-2021-12-31 00:00:00-until-2025-07-31 00:00:00-log-return.csv
350,IEUR,TDA_TD_167_SS_504_d4,01/03/2022,30/06/2024,01/07/2024,30/07/2025,article-1/results/processed_log_return_wtmra_0_IEUR_1h_time_delay_167_slice_size_504_dimension_4/features,features_IEUR_1h_time_delay_167_slice_size_504_dimension_4.csv,article-1/data,IEUR_1d_ib.csv,article-1/data,01-output-IEUR_1d-from-2021-12-31 00:00:00-until-2025-07-31 00:00:00-log-return.csv
