date,processed_log_return_wtmra_0,time_delay_1_in_days_dimension_3_dimension_embedding_pca_1,time_delay_3_in_days_dimension_3_dimension_embedding_pca_1,time_delay_7_in_days_dimension_3_dimension_embedding_pca_1,time_delay_14_in_days_dimension_3_dimension_embedding_pca_1,time_delay_21_in_days_dimension_3_dimension_embedding_pca_1,time_delay_30_in_days_dimension_3_dimension_embedding_pca_1
2022-03-02,-0.2182069094467417,-0.7332366037429411,0.299763013165302,-0.4156052489963473,0.468560069249006,0.5468029509243783,0.27789683602169385
2022-03-03,-0.023481431579227,0.43994660608924563,0.41295942000510305,0.21760773046637616,-0.4934203420191059,0.009558568358749887,-0.3009283077036524
2022-03-04,0.0815705479066382,-0.054936366835982665,-0.6489144037782892,0.18957285563043066,0.08809459280545175,-0.2701989239438513,0.12002601796714271
2022-03-05,-0.3119630034838798,-0.22895540056717137,0.3660416290973293,-0.13057971198925433,0.4337118878850258,0.3965267583319209,0.16562194877728398
2022-03-06,0.4494758410127643,0.48739605861599855,0.018711970332121696,-0.28350030283946615,-0.4720925102021106,-0.19083506195474786,-0.39200742166537805
2022-03-07,-0.2034433605472609,-0.5726755353201037,-0.25904562728921515,0.46883979079848864,0.07251980384938596,-0.2812446714085214,0.533290791712887
2022-03-08,-0.1203072789817405,0.3097248611206713,0.3910283349758591,-0.16304342596525767,0.25417634169430936,0.381484489032284,-0.4748088369190937
2022-03-09,0.0005760394998254,-0.023405040931754183,-0.30465008898768986,-0.11998847422566541,-0.22067370063957373,0.053136521247638395,0.2917418271025771
2022-03-10,0.3895417293889157,0.13906414452440202,-0.08881114006595905,-0.061530488285013694,0.020107512939005957,-0.5105165981021814,-0.16807403163701307
2022-03-11,-0.3677858024460219,-0.45466722971909296,0.4251785634769415,0.22333237493095315,0.10521892730879108,0.45998408815500325,-0.060235559603511894
2022-03-12,0.0304987885546131,0.468372008644707,-0.2467610024657994,0.0011754078435243362,-0.12272448940038214,-0.09031892901973959,0.369902383099193
2022-03-13,0.1033722574219774,-0.15804705030940466,-0.21990456748767057,-0.30308779928802454,0.07995280002628757,-0.15469133826804646,-0.1777149235558175
2022-03-14,-0.0824718405216159,-0.09688216220451171,0.36143174821400337,0.40724427450441286,-0.06481036982130559,0.22093110768646343,-0.4238162794515101
2022-03-15,0.1124207003711306,0.1682098021157429,-0.07654720478113075,-0.2776482461943056,-0.0938157809237105,-0.10957195786255819,0.5851503154927427
2022-03-16,-0.1977330943486041,-0.22141563532835534,-0.17684605355931177,0.21059355657305298,0.34078409152673667,-0.15839568996493053,-0.31988899072338833
2022-03-17,0.272523795203658,0.3341555224772511,0.114644321088862,-0.39279714861592546,-0.2208228691052606,0.25706280916090124,0.17464319047442778
2022-03-18,-0.208574479345398,-0.3957238397925605,0.007066909379758377,0.3154607458424583,-0.05993965550827112,-0.0016438596447301485,0.06229452034989981
2022-03-19,-0.0504952438852024,0.25742795215160863,0.11079242910999199,0.16676129679329513,0.019037563544758676,-0.21061998658838668,-0.4227919057508598
2022-03-20,0.3605896715320745,0.11292002950665193,-0.32540406849238573,-0.4843980591784102,0.12353237900834044,0.029847196542751774,0.2391629689654688
2022-03-21,-0.4011426999412971,-0.478799599842729,0.284978632731955,0.36035015340283916,0.04458639742524687,0.2438105005126965,0.18197813959391562
2022-03-22,0.1301195533378758,0.5275892289701412,0.07403603677461151,-0.07922097568455581,-0.38408183085163194,-0.26950642428491367,-0.22695581681546262
2022-03-23,-0.0697988332423748,-0.33276026481837545,-0.36019359715544463,0.17144960890594313,0.49032414304708627,0.27580979614131557,0.22257291696946715
2022-03-24,0.2528484585796542,0.2462156388632096,0.26667728238863075,-0.5180745425779281,-0.26773177658140873,-0.3516567161783889,-0.11601981058824642
2022-03-25,-0.052824537275804,-0.2352262040629963,-0.039716830461523696,0.3637312608105156,-0.1814727013133122,0.07372723835345325,-0.2840134744578384
2022-03-26,-0.3473616613434363,-0.012380089333219865,0.03310506122490843,0.18912995776853408,0.5005791647798589,0.3367991388134135,0.44386670406165835
2022-03-27,0.3021659087577201,0.36534165822453907,-0.11882733300378344,-0.45362170791302475,-0.23025521099780197,-0.2971192955307388,-0.14310102383698076
2022-03-28,0.0370108100846655,-0.3664312571229744,-0.047782995510105036,0.3043821943001654,-0.405450030091991,0.02320584336493139,-0.20507093180456673
2022-03-29,-0.214009588855905,0.021247144833201434,0.38524847688596575,-0.04496105068975084,0.6255279377940066,0.21841773108156629,0.32614845540296494
2022-03-30,0.1525874347260971,0.24392728192906984,-0.4174904495432485,0.07731156764672018,-0.2820597469449361,-0.33529447653082206,-0.2597762970895241
2022-03-31,0.0647630314005132,-0.18111909684319652,-0.03034994710632631,-0.35091792411742495,-0.023424587298453755,0.05471883022521866,0.011853945040432629
2022-04-01,-0.2610813426901771,-0.09970508401119833,0.45731607807534164,0.2737804824417083,0.1704511954892849,0.2953514493217501,0.25495017415287097
2022-04-02,0.2623719162741659,0.3471899312546684,-0.39114910230594657,0.13977111955315422,-0.40049040092865634,-0.18699504582348858,-0.1596831997945782
2022-04-03,-0.1916671107863529,-0.4129819193613402,0.02902420781375791,-0.30583226040139994,0.5205096908730356,-0.09106268487816373,-0.21306536173195198
2022-04-04,0.0522480971820553,0.29386952670991284,0.26877255975122927,0.1586355726471209,-0.2433661320821511,0.06848852884599822,0.3671699337040956
2022-04-05,0.1513866261964644,-0.056459609097298386,-0.33721664811413427,0.006566076862716157,-0.16257159450927608,0.18419800014826532,-0.09330305858358055
2022-04-06,0.0311592286363428,-0.059368614690473415,0.08654299926136619,-0.0852058365581778,-0.020573265069986805,-0.42938986503846954,-0.3424948273268253
2022-04-07,-0.5044627344720738,-0.20352860488314362,0.34415775054535985,0.06924787857507057,0.5992380749272185,0.492521168205661,0.4873043796190699
2022-04-08,0.6470641130923789,0.6943536620478934,-0.5576351928454798,-0.10754584713986143,-0.6252283570980312,-0.2627580483428542,-0.2969957860615873
2022-04-09,-0.5159341595746708,-0.9688012705245206,0.3288481470224181,0.2517252395259912,0.22758745371612163,0.022600011620444494,0.11773273543782521
2022-04-10,0.310285753355363,0.8477445719564697,0.17702042376868146,-0.1769913958015643,-0.020008340175327582,-0.09250321029643235,0.019641003539737408
2022-04-11,0.1620340380160596,-0.39478844972698707,-0.6127571338298214,-0.13537057238755443,-0.14311213890088864,0.2208759869636675,-0.27726988074476366
2022-04-12,-0.6098044077188854,-0.26446826638890836,0.6452224927081489,0.3051481765644366,0.3559522301609916,-0.06929855572184085,0.3538735493798851
2022-04-13,0.4404508432683038,0.7269462123680958,-0.17357016331681746,-0.3176134757112582,-0.36045364065547697,-0.10804729417400159,-0.08780689746502249
2022-04-14,0.109807075603625,-0.5590682881277332,-0.5010142067149418,0.26355600082421454,0.19753963318616094,-0.042605758806527894,-0.15519748643830206
2022-04-15,-0.3917270733199318,-0.048412082673404834,0.8867425816712362,-0.12236202205679698,-0.0320097026587553,0.1800585996332542,0.1905139263961012
2022-04-16,0.2831758268278442,0.47015562569502245,-0.6082491463707106,0.08307507365221105,-0.1477503143558082,0.05479832594180184,0.03232941121731661
2022-04-17,0.0286527539770521,-0.3809039833067702,-0.1746961250888171,-0.1299891600684441,0.28714233956151874,-0.3586940219620416,-0.32692363749012526
2022-04-18,-0.278132862811864,-0.01614587828352198,0.7260388952561794,-0.004256309574094217,-0.223248208141973,0.33377014397683136,0.20774125653265238
2022-04-19,0.1939773428466419,0.3045982656831017,-0.520984250812201,0.2503310652404755,0.04174540029692683,-0.03448160760623887,0.15657447573024508
2022-04-20,0.05232196642884,-0.2490069342573868,-0.10218230406524119,-0.34904839844576924,-0.08253387548466137,-0.028485214857722218,-0.15272514630227998
2022-04-21,-0.0626064955705224,0.033036657772002785,0.4284303176659841,0.2183155848549661,0.20251619761571568,-0.26228026264324533,-0.1699786180228745
2022-04-22,-0.0832135191220423,0.026874299056244555,-0.24177746218169507,-0.025609462644172402,0.054875868709140914,0.3304180044354901,0.13378788679642475
2022-04-23,0.134937252048007,0.09413860114580186,-0.11737894923942781,0.006775542626784753,-0.4196742872424373,-0.1000969196446145,0.30011874387004595
2022-04-24,-0.1330800514645382,-0.20362243683939302,0.25250530363675183,-0.1175951546954891,0.3585262096867526,-0.003232665068257026,-0.38911680134208004
2022-04-25,0.0235362365645699,0.17297424069146408,-0.0527010282406111,0.09714009132028512,0.03798440734061966,0.0510998964172148,0.08258429334335231
2022-04-26,0.3039493952810736,0.072498974636749,-0.2702890973725817,0.03533609085784661,-0.3878517500389089,-0.2732231507672651,0.09611260700588906
2022-04-27,-0.5323806782181458,-0.46980501016985965,0.38606452363753685,-0.00672358808591936,0.4207471505041307,0.48834924076544983,-0.06507172108922121
2022-04-28,0.2952219426643809,0.6728528176818444,-0.11772862122938058,-0.15872983883336395,-0.06627340159744276,-0.41299224738948165,-0.09503665269365374
2022-04-29,0.1219755215062155,-0.4138404279269291,-0.3430472664415815,0.20331546800311412,-0.3251829165612946,0.10629521992275265,0.3450504427377606
2022-04-30,-0.0975238079418185,0.02021908383786366,0.4912956793775802,-0.19485742718033658,0.30445510330250625,0.08422990982059674,-0.4316860789187851
2022-05-01,-0.3133126611264568,-0.032365211300748487,-0.06696194977704997,0.23096139381830683,-0.024190141889563418,-0.07505530052041037,0.2647049899236406
2022-05-02,0.468592485708224,0.40516305400141284,-0.47119851972839993,-0.10036473320677111,-0.19449461838606827,0.024092898317266763,-0.13314375577566417
2022-05-03,-0.1932436060264918,-0.581086734864573,0.43747408660387427,-0.21898871567147773,0.24102282784041495,0.0005295772807216825,-0.027313338482164023
2022-05-04,-0.3259246321781612,0.2062442322531239,0.22783835160858,0.5029483979114365,0.18106721057074732,0.27219961642228513,0.4299050955720882
2022-05-05,0.8138566654277744,0.5428006913117298,-0.7901639900022297,-0.5717199129695071,-0.8230637449221451,-0.7032263551110205,-0.723311054818734
2022-05-06,-0.782579691369277,-1.1274804185922735,0.5685975647056881,0.34172115589158125,0.9206055732936661,0.5189120649084364,0.5470961275933238
2022-05-07,0.306588192584101,1.1137053140344562,0.24142238012653017,-0.15313788587031454,-0.5828427047717707,0.08743127938418703,-0.17113242156383127
2022-05-08,-0.0110445341311317,-0.6204438609981682,-0.809165345641374,0.293245327214139,0.26647066489478377,-0.22762898796720624,0.16987175882528563
2022-05-09,0.1750446625833923,0.25767950775212384,0.5654353226147076,-0.42477066919668127,0.06600636351076122,-0.14718710145427297,-0.5433004132155381
2022-05-10,-0.5981499764375142,-0.434225039816881,0.24416654836054077,0.2681227699825915,-0.2374240251601005,0.5473054287213844,0.6707545728652369
2022-05-11,0.8264061422721554,0.92565606712597,-0.8149400241158116,0.10110623094212738,-0.03889463854724533,-0.6347757684125382,-0.37232295152149675
2022-05-12,-0.3840077133265496,-1.0710419542139307,0.4675461379962215,-0.5338895881173017,0.30103990417666066,0.18801244868393194,-0.06301635023016407
2022-05-13,-0.4493844863088161,0.45786119097374584,0.482891214019851,0.7012432942048111,-0.13009216403121532,0.4821507586061273,0.3930117498216411
2022-05-14,0.6912967264824298,0.46412427121612193,-0.9138123524672456,-0.5013111169576728,-0.07371717635820717,-0.6331123026455088,-0.39150373782078074
2022-05-15,-0.483162090015666,-0.9532748454140106,0.41632779939814557,0.40833353653745597,0.21439153971436153,0.44766703294908244,0.29373972333512904
2022-05-16,0.580357676561541,0.9883128394840547,0.34146664340187066,-0.6519961710809079,-0.4641454644590747,-0.40343210994426043,-0.43049239771183173
2022-05-17,-0.6945108346377127,-1.0048770875861093,-0.5734798664024029,0.8579961227551735,0.4687277458183025,0.3264298652118113,0.5094624897266583
2022-05-18,0.680032318923367,1.1259273660142122,0.20625522636859112,-0.7382836064388196,-0.2953849956817842,-0.4668033590177361,-0.3475926539956523
2022-05-19,-0.7395376656132939,-1.2057433658487469,0.18398254126687022,0.20307010895921,0.36141085071065904,0.865281340818437,0.09171046712880519
2022-05-20,0.6418142365168689,1.18852361366459,-0.18025724279843378,0.40865804851473814,-0.44292744701502784,-0.9022195964191041,0.0511468038569801
2022-05-21,-0.3934368494246162,-1.0239321356807398,-0.037812496460497454,-0.4498338269912865,0.328690321957422,0.645207559793185,0.058563715576623813
2022-05-22,0.1185850466600539,0.6624915508992147,0.16409707000475007,0.28414262612551344,-0.17285432965259956,-0.3258223197879307,-0.018002225562817265
2022-05-23,0.2221700530570628,-0.16971869406228876,-0.20258333715094498,-0.6051240225770961,-0.06307434199642176,-0.25074405736254923,-0.2836262748131063
2022-05-24,-0.4239832200126701,-0.3087082322626618,0.13388470630810806,1.0048249978992836,0.4030007341156507,0.7344706276951567,0.20954012477258083
2022-05-25,0.2706255223897243,0.5439573238333094,0.16549638104672296,-1.0396552335545537,-0.5128863355080187,-0.5228277318163067,0.17253265912215116
2022-05-26,0.1008546360705618,-0.35174309320338465,-0.5362951978339924,0.6669104668440884,0.17747705954576362,-0.12329300779658978,-0.22521181878663224
2022-05-27,-0.19531001104669,-0.02884558193054518,0.596837567834323,-0.11622771588090201,0.15253730548459163,0.40295672051180487,-0.07570198726897831
2022-05-28,-0.0516731728468439,0.15861101152908344,-0.22636192504547387,-0.06304690723099332,0.005322380226716376,-0.1787022101750027,0.2804594868652779
2022-05-29,0.1457750272945399,0.009368424987194897,-0.2565625912431072,0.09897186267580214,-0.39124735988816634,-0.11399525204451635,-0.166334871955673
2022-05-30,-0.1879450457742027,-0.2230132888943013,0.4479127179759015,-0.36708854908889943,0.5573890428365068,0.339796294659802,0.008453212113287504
2022-05-31,0.1093911526411809,0.26035311778197034,-0.15632949619860623,0.6055867141354638,-0.2892610543881101,-0.23836390831055615,0.08923059830452715
2022-06-01,0.4928198007966378,0.08345320613789971,-0.3951491975905284,-0.7865225540459632,-0.4457545755931069,-0.323567253343293,-0.3334707789490081
2022-06-02,-0.953509788865346,-0.7716437937033992,0.6987094604223809,0.7841084417740801,1.0813334180461707,0.6338107416715565,0.5600427418172444
2022-06-03,0.7773479622718419,1.3068624758191156,-0.4298615669764277,-0.5812139412393901,-0.9831404990291448,-0.43604714476466894,-0.4923179340813868
2022-06-04,-0.4015073733798542,-1.2313937108230282,-0.2260601435310345,0.438636768572288,0.4152782914644704,0.16787750409960625,0.26823887829316984
2022-06-05,0.160546060748752,0.7601240326467417,0.6901802671939782,-0.24255626058282398,-0.07118853476312965,-0.012012927308963387,-0.30166437921685785
2022-06-06,-0.1955178338711223,-0.4187329167037002,-0.5083023274515863,0.11007927419160375,0.2657717953398664,0.12220238341504343,0.5963867414616244
2022-06-07,0.3151745333619869,0.3797410230810909,-0.12488336048836697,-0.008606864555002149,-0.714584151481942,-0.45591105539616056,-0.6977871052759763
2022-06-08,-0.3115888786812881,-0.47690607655160994,0.5304678231415874,-0.3327871510257091,0.899785937538045,0.6310809734543639,0.6269570156756369
2022-06-09,0.2214645000633288,0.49043488193288626,-0.37081701845293025,0.5028269748038925,-0.4307089030708429,-0.3918386442402669,-0.5190902024729354
2022-06-10,0.0757641415513337,-0.27293030093872245,-0.051993050185907295,-0.47658185505305833,-0.451425655018366,-0.12244072573667213,0.03846044221468677
2022-06-11,-0.363451739805075,-0.1244094581667295,0.31433790380818283,0.48464200853130573,0.772071590484438,0.29122193505982186,0.5878519607140434
2022-06-12,0.4094645866538998,0.498651747201762,-0.25505885856869787,-0.3890169592961913,-0.599602686708255,-0.008662262349596456,-0.6793488201480972
2022-06-13,-0.2324867436765275,-0.587274974337205,-0.10211395788131397,0.34838582455103245,0.6008558656449592,-0.21256186688194892,0.1927603031767806
2022-06-14,-0.1632986662558291,0.28641157679548146,0.4964003105347266,-0.1971490230422282,-0.5294969284139184,0.23949933585101468,0.2842551879972656
2022-06-15,0.0837083536540646,0.03377380066545383,-0.4432648369979768,-0.08237150037967333,0.6122155152238397,0.20990653449894375,-0.13051321873979085
2022-06-16,0.6050439017797559,0.17182925291130235,-0.17058672431369729,0.04882926877395251,-1.023829853043233,-1.009791334677032,-0.48565422892085647
2022-06-17,-0.8523005059512344,-0.8088448233748066,0.7185648271248151,-0.042913381462643764,1.0324997043896575,1.137216973590336,0.8086845060988835
2022-06-18,0.6229987323757664,1.2164545997941985,-0.5740028738962779,0.1582971459516753,-0.6713338047399893,-0.6306252574686056,-0.645328687605067
2022-06-19,-0.5761772675801098,-1.1643655426918857,-0.02492407731743386,-0.0874265399277002,0.38301062296375366,0.3739222340660191,0.39000733135020327
2022-06-20,0.4360117113155696,0.9412918798060764,0.47169134479298774,0.050683070757976297,-0.02115508474962147,-0.415318030738314,-0.2522869084863174
2022-06-21,-0.0312803916065791,-0.6116435996384361,-0.4665456349940242,-0.036275853583644116,-0.32991617355828107,0.4889435067109965,0.11521199258539698
2022-06-22,-0.022858105687846,0.2361894094140361,0.10537691446630804,0.11595471865094181,0.2191608945839172,-0.6141172489158816,-0.04668424752971725
2022-06-23,-0.2834347985306665,-0.14726223249101966,0.27054806237785767,-0.3990063002989776,0.2400691335077725,0.44678199029245746,0.13711814568191477
2022-06-24,0.2506648215062912,0.31079480332427534,-0.4212297875533369,0.4311556975013984,-0.2794904346271449,0.21738271097854237,-0.06850580339375596
2022-06-25,0.0518510070373245,-0.290531315208749,0.2877751420570573,-0.2692105327268415,-0.10516633030278755,-0.5836114159178286,-0.25559604971096417
2022-06-26,-0.0796344052258763,0.05399112547692959,0.013996226689613126,0.22566882554762438,0.2055777969835227,0.4312431396291614,0.4374075580115682
2022-06-27,-0.0524999279589844,0.0541074063182443,-0.13468236546505064,-0.15644882774884464,-0.16535058448017145,-0.42540005366760014,-0.23820524874943358
2022-06-28,0.1094684922339416,0.051228859939321345,-0.07807111284602695,0.05354780762600949,0.030859878449242113,0.4823094572405804,-0.11734137121412674
2022-06-29,-0.1361488367167483,-0.171945104830145,0.26872918703232,0.03853726917866081,0.5063090859900772,-0.45429835579841277,0.09822981847216804
2022-06-30,0.1013357264824337,0.2021165398620749,-0.14152938902706966,-0.1694333854351691,-0.8303071451648212,0.5195492727052166,0.24512794229732238
2022-07-01,0.0183401993072049,-0.12987481102214435,-0.11265175537537125,0.2628111885663356,0.5955336452081904,-0.509153940080575,-0.2789259428206734
2022-07-02,-0.1343094286661797,-0.029133511793869752,0.20263154679455958,-0.29703525346726495,-0.23279429836081014,0.3791962462253946,-0.01726130926804423
2022-07-03,0.1403092440128286,0.1737027749813261,-0.1127121195181383,0.2885039350800801,0.021402668415523306,-0.16748336793354845,0.40810672165807377
2022-07-04,-0.1275618936832013,-0.23096302157119958,-0.006911489972296666,-0.1296419379376518,-0.07200749247809163,-0.10051202718614764,-0.73073052363499
2022-07-05,0.2263122804745697,0.2770245751646348,0.05437207216421122,-0.1709340511828978,0.1727852271614288,0.18342959164579306,0.5962100675110736
2022-07-06,-0.2553854647810775,-0.35210114029266554,-0.026217874422387426,0.23172145289092283,-0.1617557973913467,-0.048329520978274754,-0.1893393546444028
2022-07-07,0.0493746656904269,0.3169505359557448,0.05641479132489087,0.053539020770606766,0.14555170831742922,-0.09061152220199953,0.06656918978709465
2022-07-08,0.2027047504433305,-0.061036605092349074,-0.18905484791934113,-0.24363207403632658,-0.0005442855384987122,-0.0014766555862632303,-0.3227751179822787
2022-07-09,-0.3190843905432371,-0.2771152456624881,0.26351403398523454,0.22248778809974395,-0.17129287872493826,0.25950407637965667,0.7118275162760691
2022-07-10,0.2848538797988907,0.46992113050628825,-0.10801563418107656,-0.19575583639608463,0.22481180352106747,-0.3100007689458988,-0.8129815271583363
2022-07-11,-0.0382464412705948,-0.37894668219711947,-0.24058264624203454,0.13491807570420747,-0.19351796540840327,0.18395589257839234,0.24961922705187042
2022-07-12,-0.1069525344938888,0.11883922442495147,0.4086793711041459,-0.1628728158943751,-0.08505623919962293,-0.01926735460374391,0.5345423068307981
2022-07-13,-0.1678348899056078,-0.03386490907412516,-0.14400513713351515,0.33128829767342594,0.13703489102075672,-0.27958299537418946,-0.5650605095182254
2022-07-14,0.3513545329923327,0.24068219123633608,-0.24893578625984328,-0.25980717709065376,0.38544716300091425,0.5138899748609214,0.20171654405953157
2022-07-15,-0.1342972733438333,-0.39529959339104354,0.30543484974552115,-0.08527456405425682,-0.6913023317099519,-0.5136880909975349,-0.4062618560065543
2022-07-16,-0.1003244583988857,0.22210047924674844,0.02055745825804007,0.34164022029818253,0.583715888086394,0.37718862915960144,0.7885896361484753
2022-07-17,0.2703145338319658,0.13862636644347345,-0.35963658992899067,-0.4046088773831576,-0.6191122433785589,-0.2968762784247034,-0.9194740664564438
2022-07-18,-0.4876558608966498,-0.48813785887236916,0.38793268964893923,0.33214394784813556,0.59522276496673,0.45600064885137503,1.0130111649929585
2022-07-19,0.3920167592263174,0.6751078734165222,-0.034148804691547824,-0.2362967182677716,-0.1838438713128292,-0.48763391295840597,-0.8737566275575254
2022-07-20,0.12967325823872,-0.45240041162666494,-0.43462144979274264,0.1870547625029898,-0.10444214889400154,0.15723521954838982,0.38298228612973806
2022-07-21,-0.421302051150586,-0.10239351972094138,0.618513205329543,-0.06453593120831809,-0.05419926744342533,0.0944171117317697,0.0893921432368337
2022-07-22,0.3466836929672645,0.5334651079057141,-0.3935813922672276,-0.18266849824589482,0.08396468623708905,-0.27558718857486825,-0.35643212655277406
2022-07-23,-0.4249665019150305,-0.6743420558265157,-0.02298867896149803,0.44506013042425446,0.20786113797507913,0.5450123228475895,0.4853357943770913
2022-07-24,0.4541036462020855,0.7043335955521945,0.3264023796471412,-0.5602475134459991,-0.24912605726635023,-0.5990035541136141,-0.3779406578759533
2022-07-25,0.0017083050769925,-0.528292853877297,-0.4468812942076055,0.35877501094053504,-0.05102618201785052,0.17601248695430685,-0.0729060670773004
2022-07-26,-0.3172399618579555,0.07072106633210937,0.3875389695623976,-0.06191282473009433,0.2307160307993512,0.3329045602688395,0.2935383353440528
2022-07-27,-0.0947349548195489,0.1676645143531968,-0.056399339707394074,0.0437987300249124,-0.0939187667595551,-0.013918109179785546,0.0746322251492783
2022-07-28,0.4884684941873374,0.15275132291416443,-0.41821085579486883,-0.13004388177071527,-0.09807097072146678,-0.775729248509228,-0.3245970370763091
2022-07-29,-0.3152706385949523,-0.544223786035151,0.5964712630209906,-0.01696132783004368,0.14648348276340425,0.8676885164119305,0.2719537751376529
2022-07-30,0.0442154939596997,0.4911833312267899,-0.18871004991703114,0.32680839569005965,-0.1488876803008556,-0.5230462379261199,-0.08743125790385278
2022-07-31,0.0694343184532519,-0.15765955497384596,-0.37871524846553095,-0.49227316369007834,0.11917338072105564,0.4142450253581293,-0.4445742625069133
2022-08-01,-0.1001965778720368,-0.07586962548241791,0.4345641857956096,0.30323749364157965,-0.11535040242319625,-0.2781640668786204,0.8186151947207971
2022-08-02,0.1162483233085771,0.16460527741145464,-0.03896969375930074,-0.0415457799830445,0.18596298271743036,-0.0518147192876195,-0.6759004187034174
2022-08-03,-0.1529174343423263,-0.2100177769451147,-0.22579485831875287,0.07274272610441009,-0.14363189030802237,0.10827244457030488,0.3784772112713645
2022-08-04,0.1294075055540522,0.23157253617167362,0.1699510135258954,-0.18314657693173855,-0.05675091244590858,0.15071304675169833,-0.1387314582597607
2022-08-05,-0.1247424458623404,-0.23176187448298308,-0.043629494909514205,0.09887600833391907,0.2703023925347873,-0.12140553047781684,0.15848487874130177
2022-08-06,0.2127613468420826,0.2624268569519776,-0.031829034270780134,0.08748153949803925,-0.4211118230758456,-0.17680626040585817,-0.35374874491935615
2022-08-07,-0.2646246717653798,-0.34621142686489886,0.08980928716700595,-0.15694794818953015,0.41725715420745985,0.23615546476682972,0.43925011851028967
2022-08-08,0.1592115992987949,0.3730692677743553,-0.04964767515845399,-0.009271505467626394,-0.10617019827418717,-0.07409240425959715,-0.34351658859199974
2022-08-09,0.1399049465427393,-0.17300553583628925,-0.1392590790993736,0.016522811208928935,-0.18961199026361097,-0.16067369544135165,-0.05703983067733701
2022-08-10,-0.4192213397314621,-0.22922553900862064,0.32453301183941646,0.36131898926880324,0.03294936969048116,0.3725929806168505,0.49409834475910747
2022-08-11,0.4306494094942836,0.5808494272073909,-0.25802084488387483,-0.557287624280991,0.16300693403503097,-0.3618355746449798,-0.5756351027889156
2022-08-12,-0.2439376804137595,-0.6365781047894801,-0.08893352460900641,0.37140717417285013,-0.038893034226982266,0.14926383218323824,0.26803476065506293
2022-08-13,0.0069663768883893,0.3933739699796226,0.4283481786455148,-0.17503231198164484,-0.08761446993400838,0.08693654223839163,0.2244116657438952
2022-08-14,0.0914998585482827,-0.08385589429961764,-0.4299158023240375,0.10296710133101983,0.20437827223648736,-0.15244681475333355,-0.14809728382946197
2022-08-15,0.0781003544574679,-0.017886088524573282,0.06172395489057107,-0.09688283714374554,-0.4769833976334252,0.05047797827661765,-0.5738124934791237
2022-08-16,-0.2781789143662826,-0.14936207673668117,0.3470434590963153,-0.022354897272804684,0.48496409249685757,-0.012072495289375828,0.9199392100731915
2022-08-17,0.2426852124390189,0.355544318769024,-0.404708816854024,0.2531568995167149,-0.01080847503414004,0.04397756925515721,-0.7651607319458027
2022-08-18,-0.0590500948584234,-0.33980868472943865,0.0996319709704932,-0.3391568702363555,-0.33320921377213164,0.01374357356144034,0.6147821394400665
2022-08-19,0.1285942572218812,0.2330488240096339,0.12968216909077476,0.17214392297588182,0.23593889634711535,-0.24834215500147622,-0.3958821214263482
2022-08-20,-0.3755740251573004,-0.31233512998536045,-0.03457422942658295,0.06739619983591652,-0.18415813498189323,0.48510152718988736,0.09499346548212945
2022-08-21,0.2187965439218023,0.43559933900182257,-0.10535698219798874,-0.03244792467924607,0.27615308190154714,-0.35679409939925594,0.005093395128877817
2022-08-22,0.1121946747412147,-0.2854952370375099,-0.0019057286096719151,-0.19301188988676696,-0.03389049012607037,-0.04363826991200861,0.078291694793422
2022-08-23,-0.1409598650434497,-0.03533491909031544,0.2084479443354034,0.18933896993954666,-0.2028030534640625,0.17518031422149566,-0.029842640304949573
2022-08-24,0.0811879299322669,0.196368883340873,-0.16320406275081795,0.010630967034012818,-0.16212242444920782,0.07508334229503914,-0.08159084057332744
2022-08-25,-0.1355182746626699,-0.19835869754666474,-0.07898790452327478,-0.11837092970700773,0.53636052855524,-0.1848521901600596,0.049787861272433453
2022-08-26,0.3196750585622954,0.30006369883903755,0.13683076883836842,-0.11854479292092543,-0.44856408309137913,-0.09950372358727409,-0.12993922464520027
2022-08-27,-0.5185657090909326,-0.5559763601828892,0.08340839029296905,0.5118171133184349,0.27584052094516376,0.40949245906536114,0.2754974239515769
2022-08-28,0.5548112218280589,0.8060651045644184,-0.2331301542944087,-0.47235049749664826,-0.18210722767262402,-0.56632675230165,-0.22590971228549903
2022-08-29,-0.4973589067181094,-0.9038125038155976,0.09043409632252518,0.12429794826513776,0.14540369340766782,0.6962822482758915,0.158949373434532
2022-08-30,0.347468850771474,0.8064453468505812,0.153887479498384,0.07359861071396216,-0.08272917830572475,-0.518648804941281,-0.16093166050550897
2022-08-31,-0.0522756675152988,-0.5213901433801651,-0.295311903932833,-0.15835061829389704,-0.08763049831706918,-0.08143760012578226,0.1123752670980035
2022-09-01,-0.1647834755348985,0.13095757260681806,0.26619220741314337,0.20587199005287024,0.18368373975824295,0.44481886687069844,-0.011673870487300873
2022-09-02,0.2226168395320844,0.20034818291589693,-0.08613118593229196,-0.3993690625821898,-0.19907024717892807,-0.41715309678890755,-0.035801345715379004
2022-09-03,-0.2692392150021882,-0.3761027381038723,-0.117453072081957,0.6897994030902465,0.2738014307982765,0.49983532299949435,-0.03198937175519027
2022-09-04,0.1402850731671859,0.3715246166385734,0.3039508324607643,-0.570145729830824,-0.2764893063282607,-0.43879124154056437,0.11808163954314328
2022-09-05,0.1294146711405538,-0.16797274447705504,-0.3988969691393653,0.22414583174949307,0.0930160001877326,-0.07997214939421622,-0.048223661841984455
2022-09-06,0.0252366899881674,-0.0017627659511198386,0.20437604973249943,-0.18079677486109336,0.09840538550745599,0.22259469644648833,-0.2508746667299917
2022-09-07,-0.419090434537007,-0.16670839733937307,0.19084690632485973,0.19893921250090182,-0.1722315055081642,0.3437821330653129,0.506967894171491
2022-09-08,0.4105676299194991,0.5107840543928197,-0.40620063145599455,-0.015469940214638418,0.18082754827023304,-0.6395219011937776,-0.3978263922713272
2022-09-09,-0.2365499433455235,-0.6190363451647038,0.2365717431975269,-0.2069812104191859,-0.07670889379282057,0.3977118381471129,0.036169232531127055
2022-09-10,0.15457010445842,0.45435747138834287,0.14755981896403034,0.38343495832044583,-0.1153175886503749,-0.1430255893561442,0.12776560544449503
2022-09-11,-0.0372617797928134,-0.24701210914947952,-0.3375475657174377,-0.37045167427743836,0.15258379770619923,-0.023960179863799905,0.0969539779435907
2022-09-12,-0.0182535944652593,0.09641358182311169,0.16264899804060187,0.17920716909748183,0.028388571963437855,0.09295149236343793,-0.2867478988249584
2022-09-13,0.1560654744568738,0.07410018827104786,0.03098007241806002,-0.2763240145922269,-0.28298698840587555,-0.19274150932084816,0.06355318865844245
2022-09-14,-0.4449723259618566,-0.3457474647176473,0.03209759224602242,0.5371374422909088,0.41213357101409315,0.40026545202686065,0.3134809274310827
2022-09-15,0.5087314037820453,0.6471821032851405,-0.11354004167809444,-0.44909106109127506,-0.30008593598803335,-0.4236630036174309,-0.5383908620920742
2022-09-16,-0.3477052588699568,-0.7567601988295856,-0.01966689495810219,0.2182518702729595,0.2939856267199482,0.3248649024350074,0.6372796361617845
2022-09-17,0.0914822581727808,0.5482317908501402,0.288073020034681,-0.01161565634622155,-0.40054922140432275,-0.23929405774088564,-0.38948022262408866
2022-09-18,0.3087381611093811,-0.08270879737720212,-0.49954831327366056,-0.19898119936825656,0.06688521638482431,0.03012421643924876,-0.2217537864767657
2022-09-19,-0.5306132659723616,-0.43684233744994333,0.42370593366249854,0.20458449349951344,0.35354736161864625,0.19264376457171153,0.5091154463849232
2022-09-20,0.3793913323080464,0.7177276181939743,-0.02029252582435928,-0.30799654631511425,-0.2949695026474048,-0.3357446567949648,-0.4153092658822785
2022-09-21,-0.1205136966824702,-0.5957005319727908,-0.42061214160982596,0.5884825097329466,0.08538192721410492,0.4003748732362591,0.4443381155409649
2022-09-22,-0.1294949639216976,0.21219344648371316,0.6162446376230388,-0.5064002741796824,-0.020539990530765682,-0.2595967900848865,-0.3591783633961425
2022-09-23,0.2227707288311902,0.1409915249450143,-0.423011280353032,0.2569100213407566,0.15815180557508235,0.057453546064788204,-0.08534990929127068
2022-09-24,-0.0266745160472041,-0.23225843440525937,-0.061040984930177775,-0.13188545398044452,-0.43153753294820496,0.00281363119579429,0.2459685930793618
2022-09-25,-0.1178549686808248,0.07307297937086345,0.4222722016844567,-0.13806851040903384,0.5409185088429533,0.006862592218834783,0.21694246875659587
2022-09-26,0.0183283751050976,0.07596329529335363,-0.36121247692362657,0.37008784803272526,-0.45028698486714563,-0.06831699098462665,-0.5540475934037482
2022-09-27,0.0843934052535677,-0.02975051293490505,0.03979825758892465,-0.38767132660425496,0.28442566245189427,0.16460866731711213,0.36850238794559537
2022-09-28,-0.0543566438217769,-0.07574731355640281,0.1763973399718093,0.3435751124474721,-0.0653877894793442,-0.1681704682972724,-0.138996301830147
2022-09-29,-0.0381275173550206,0.061278756764296304,-0.1089493281616266,-0.15790940209281734,-0.0783538588972431,0.08267232119841139,0.047854390205643624
2022-09-30,0.0712614697081431,0.03480851697390136,-0.08037068727263447,-0.008109966807260142,0.13027521444196347,-0.1522440711958268,0.03780380301136016
2022-10-01,-0.0200038726250647,-0.07836484312295508,0.10890095615999548,-0.019765211440081396,-0.2201563407343995,0.3099008100085843,-0.13106106892297367
2022-10-02,0.040820793673446,0.07199332659255595,-0.0023961381714993984,-0.09988089001695333,0.13596312283315234,-0.1972208325249638,0.1668666692621183
2022-10-03,-0.15398514343769,-0.11764400124705636,-0.01836547453545318,0.34051501919063687,0.1323049157011958,0.008407887809574275,-0.10598687002146982
2022-10-04,0.1140949770022244,0.1851794180099462,-0.01348941917438936,-0.3137136486258763,0.007762737978359457,0.04320232408837589,0.0876339578878156
2022-10-05,0.0613848933073826,-0.12552212495529996,-0.03895654437465949,0.07075583297971708,-0.4107016807298056,-0.11564566052394903,-0.17569500878069808
2022-10-06,-0.1024629004854296,-0.03526625033292157,0.1218974676318867,0.14440721953619645,0.39717871405098415,0.18560015370119853,0.27812053164566625
2022-10-07,0.0449597186623637,0.12504587949574372,-0.09188567822607183,-0.18862378697581508,-0.20786219124404215,-0.2881080187854416,-0.26281961857350455
2022-10-08,-0.0402879874813652,-0.10442001955744856,-0.044473952744197846,0.047442780873658115,0.152471512067389,0.43202527425261644,0.005416597403717111
2022-10-09,-0.0122864420678371,0.04461138705617547,0.15763232815737513,0.03913151347202295,-0.03901624110358042,-0.41491205479792886,0.29961501315118566
2022-10-10,0.1704406079895547,0.0759168129403801,-0.17355179460114933,0.01399602209936337,-0.09195164784701136,0.26409262460714045,-0.4046288058761116
2022-10-11,-0.2099787040752673,-0.23072308856183252,0.09940015821753737,-0.021082365571173937,0.24198209649326588,-0.1273807529190819,0.2951279288134063
2022-10-12,0.0776494690185338,0.27170506417039303,0.02365635486457426,-0.05252365464000717,-0.4344892848326634,-0.011712071146897686,-0.04708824284300345
2022-10-13,-0.0154941774816965,-0.16965759599229221,-0.13552673231231915,0.098754336345266,0.4534621196052232,0.13398117400157142,-0.030307156616597636
2022-10-14,0.074617689928564,0.08974944158853847,0.13234755920617206,-0.1054252187717566,-0.3346565012535419,-0.2132293687166565,-0.21478611196074734
2022-10-15,-0.0902364157105157,-0.10525703912091461,-0.004178588905025941,0.08254466254161041,0.12003724872681842,0.26537465913196034,0.407333236123418
2022-10-16,-0.0231943089064973,0.08831754009366179,-0.06545521513700013,-0.0016780700547907865,0.2877685952581677,-0.09849155305069196,-0.283161446727057
2022-10-17,0.0760326150795062,0.008488784492761378,0.018630633073325676,-0.07550573172910659,-0.5193566930934597,-0.14790078103598425,0.0375022785297112
2022-10-18,0.03901122172589,-0.04328719391956805,0.004626147221985268,0.06719660361754458,0.3291963251265688,-0.04149391144838293,-0.04824679062559874
2022-10-19,-0.0446292172381128,-0.009886601498233996,0.04623528011227541,-0.06461906308931048,-0.08030242698768726,0.3526887859617946,0.2027896550631962
2022-10-20,-0.018358637902807,0.04132662781357144,-0.08291216208071146,0.07327696322645286,-0.116354615075852,-0.3095856674604845,-0.07952429358877844
2022-10-21,-0.1019301923147867,-0.06326175475891302,0.06890909154993008,-0.0258330415594375,0.24794206681764305,0.2502937861050632,-0.07787920903758105
2022-10-22,0.1826083136345178,0.15453505120614952,-0.04565373354592709,-0.005662577357562763,-0.11071847988108241,-0.23543430861388004,0.0002823877116326158
2022-10-23,-0.1128720006730408,-0.23528001747619326,0.028992316152838673,0.07767711726239575,-0.05414583890626749,0.10094157003569268,0.041146599033066666
2022-10-24,0.1695533188865406,0.2596247319984243,-0.030969699371334848,-0.22554997926928916,-0.04418577616877171,-0.09681346218568221,0.0280715690653184
2022-10-25,-0.4293519789190975,-0.3959846954586698,0.10413862594420317,0.2929482840645569,0.24940661009426765,0.15080499823162163,-0.09892255612079016
2022-10-26,0.5127333829908363,0.6456464232386795,-0.16126959000803898,-0.26093995396729747,-0.2738639058653707,0.02744917552024364,0.20229865148198922
2022-10-27,-0.1044614314572921,-0.6253981945794012,-0.015778021297153038,0.07186939848572038,0.012262215503794166,-0.3341525346747768,-0.3984946296099022
2022-10-28,-0.3417003520913368,0.1606704492535722,0.37529711056097903,0.19907374666227184,0.22593270547456173,0.48620963661136046,0.5667935746508637
2022-10-29,0.2336722526228029,0.2991956510919638,-0.4169633453109204,-0.1946030956428389,-0.13298160665553949,-0.21889742265165546,-0.41321001339431107
2022-10-30,0.1766748903772979,-0.24461398542023421,-0.0999243902923234,0.00405697283248588,-0.0466050337848011,-0.3515795063567621,-0.0206202890350898
2022-10-31,-0.3109335975030445,-0.15945054540496173,0.6138419913333402,-0.005894034358376752,0.012741547366353603,0.6133586750393019,0.2800056321760538
2022-11-01,0.1465802086799289,0.3792513310408621,-0.5002160453028024,0.2067063481796772,0.03806583885703743,-0.3939572164281587,-0.24663643965233945
2022-11-02,0.0956804064847605,-0.21138331238354033,-0.11721405206538532,-0.3809310073114287,0.006348512697162483,0.036353232495333246,0.1432559720341665
2022-11-03,-0.2066121599004426,-0.09563080436646315,0.49607228221119387,0.18339612246399678,0.0015465232246163775,0.2297336067684981,0.007426767962534058
2022-11-04,-0.0817991456904288,0.1480028166462984,-0.1835774553869715,0.3313557742428633,0.06695445583758453,-0.1200334628321454,-0.05542245004575581
2022-11-05,0.3415315986741535,0.12534485593345263,-0.3250601212635639,-0.42599700412737757,-0.1731411253863063,-0.1959530351131716,-0.20788051754601364
2022-11-06,-0.0399962240153645,-0.29508845206140577,0.32538635127882237,-0.0445642898169454,-0.003810638901824358,0.11608959655770708,0.3844112295442631
2022-11-07,-0.3760855832585647,0.010102680770469781,0.1658486057090856,0.31178769888515817,0.3387058448522945,0.22356102233892497,-0.18093925770866415
2022-11-08,0.4860272080769059,0.48674233658439475,-0.5270489413938694,-0.11538827161921593,-0.4493829121344112,-0.36892051173230395,-0.03137343990775416
2022-11-09,-0.1507629110622515,-0.6035508553883673,0.20836348860565937,-0.2617294903382066,0.1878457846863103,0.1353143653741853,-0.016466628154181956
2022-11-10,-0.5864068262665864,0.05153876049047696,0.5934953413199845,0.48571531145922764,0.24290240355211257,0.3962940431803207,0.2529691732199173
2022-11-11,0.8691349243968126,0.7705266290225952,-0.9425589217917416,-0.18984424889527196,-0.3632879899317677,-0.6030005078286932,-0.3727189154506312
2022-11-12,-0.3478563392636167,-1.075258611438301,0.2967713971721114,-0.19024744894174697,0.1014957044512937,0.23907855615461207,0.02727422631608126
2022-11-13,-0.0724424485640348,0.6506952029557351,0.6423085388545913,-0.029444575619664914,0.029839248349259193,0.009989548073960214,0.4290911933213855
2022-11-14,-0.0163821289397019,-0.13974777418725387,-0.8544777587986997,0.4328018985106407,0.04407804177736271,0.13547628135025078,-0.44548297166108936
2022-11-15,0.0623563351086099,0.0060217197522558635,0.2923703551843224,-0.44620560040647145,0.020561054681084583,-0.14140121156023736,0.2586280470748866
2022-11-16,0.0865604673025169,-0.0058293929784053134,0.3110231082800374,0.012298563565305738,-0.06948769157731845,-0.08603569095963379,-0.09862838692339057
2022-11-17,-0.070144180605888,-0.06252071386718615,-0.401899531485302,0.5510061131799359,-0.004698443203167266,0.12043613517821422,-0.21818751544689896
2022-11-18,-0.0858156393946903,0.04843841560209697,0.17733318044846116,-0.5208790549809281,-0.05921961834059305,0.00798397877535748,0.4773010347473662
2022-11-19,0.0565109660440682,0.05137697984730187,-0.0511133825290797,0.03550251822088913,0.16950543347402167,0.0032616078646618184,-0.35200267816626823
2022-11-20,0.1695030844630513,0.005021080309358124,-0.024793062429906105,-0.011794545380635024,-0.1810023821564966,-0.09109077636853341,-0.0038097704253293252
2022-11-21,-0.2051044434026967,-0.19181747098633198,0.12858734188794027,0.3087567879578709,0.20632150961262521,-0.014108802160344979,0.25226170318813834
2022-11-22,-0.0546964066250428,0.1993687566183992,-0.05757254990351049,-0.27156858205291323,-0.30717173342651743,0.20237124117621536,-0.19156328330096797
2022-11-23,0.1480550480728767,0.007515018775102381,-0.15541729975869414,-0.05402714739543069,0.3714573665244928,-0.15025575692002943,-0.0037239271331679902
2022-11-24,0.0241826171778404,-0.11628124424781668,0.17699808510275938,0.3441310886247304,-0.16125628914056425,-0.00957733586548205,-0.021487696115335315
2022-11-25,-0.0826172255445115,0.017938597283633433,0.04987272575868901,-0.3554233618651165,-0.17914441138282192,-0.008996232742873653,0.1541444278493124
2022-11-26,0.0017946884627874,0.06987622270228194,-0.19237056023744736,0.1418358078153534,0.17166436961939657,0.07980934874600532,-0.09895708279655051
2022-11-27,0.0221754582405766,-0.03242601270682558,0.07794054371331682,-0.09120621884558408,0.13908937871679683,0.0028883410206352418,-0.05183256267378828
2022-11-28,0.0509308113603669,0.012471012117531122,0.061629176253477844,0.12633943805755135,-0.2999710843748446,-0.102929019311101,0.06791476706931325
2022-11-29,-0.1183278734393079,-0.08413486317690562,-0.01964756737082224,0.06318163320525289,0.1896978393778648,0.05886058244318426,0.040324089240127085
2022-11-30,0.0157076956874897,0.11524805264578925,-0.035625164773671614,-0.1564206264458212,0.0860284609472507,0.02017326798481678,-0.06997698381172231
2022-12-01,0.1678828249885181,0.015020638632180191,-0.0751549849107319,-0.06252549837130286,-0.26618851331908006,-0.10920751950556104,-0.07595011403259923
2022-12-02,-0.2003418531437419,-0.20944964635928337,0.18036577300486215,0.20045611499482074,0.010330636254187068,0.23199587124801668,0.2485250153964711
2022-12-03,0.1078091778757196,0.2794452630454937,-0.0750061699504734,-0.08387694523956289,0.2587024143276245,-0.22068966221883285,-0.19990735747131916
2022-12-04,-0.047500886357947,-0.20172274545637775,-0.1211736276818996,-0.08122075818062417,0.002910869674407173,0.11536713117746702,-0.05058538523438576
2022-12-05,0.0479735687965661,0.11337359383130526,0.17877856926232397,0.04829560260474521,-0.3748769047397136,-0.1626848924242509,0.1512340282757718
2022-12-06,-0.0489930279727911,-0.08242029327092242,-0.059983505137296604,0.13489898725191177,0.4469863779662477,0.367065149001175,-0.025323828056852977
2022-12-07,0.0809588324869229,0.10038131484593317,-0.09244851707361262,-0.12839374532256742,-0.15569671379945474,-0.4474699862224725,-0.10009434879874836
2022-12-08,-0.1590715430901388,-0.16261813269345587,0.14722760792730663,-0.05193965593445071,-0.44415425223355515,0.17875268640958827,0.2090816813283821
2022-12-09,0.1611829916395144,0.23387526267677944,-0.09961665487884822,0.10373058381064977,0.6875846378039899,0.16253552654736103,-0.2583193131450002
2022-12-10,-0.0925770420471158,-0.23989732133603855,0.012777142906805799,-0.03091959599162012,-0.2655297077549594,-0.12234317202693736,0.07106446148487192
2022-12-11,0.0854242627788826,0.1911331727472121,0.04573846847003782,-0.020572346135289573,-0.10082653491771708,-0.18587185725844435,0.11617026740195563
2022-12-12,-0.0905350552886007,-0.15280508933167566,-0.0439574813119762,-0.01597918876453756,0.031711790905655644,0.2924634218459714,-0.03335998438955322
2022-12-13,-0.0384327746450906,0.08624376267216151,0.042383577428925734,0.11476376530937937,0.06099310090119052,-0.09187832362419115,-0.06363676197904623
2022-12-14,0.1515246091975348,0.05778420711766546,-0.05207116354521341,-0.13906333891136202,0.009152848027807402,-0.16483733359160085,0.0008849062785047506
2022-12-15,-0.0998366897490358,-0.17441389343492258,0.029592670272486608,0.07154661494430035,-0.00010445282072117836,0.22418813030907492,0.08228987737219026
2022-12-16,0.2203044643242227,0.26089786394333275,-0.03267564431241668,-0.1154261227001902,-0.19598522449494374,-0.0768581500283343,-0.14564600694585833
2022-12-17,-0.4989786577890176,-0.45976031520808264,0.09302098709152286,0.2521974165917697,0.2877426261638298,0.04640943648145681,0.1831824098771658
2022-12-18,0.3838498643059235,0.652590588087873,-0.07033252872545927,-0.22284240545733525,-0.029431283641982026,-0.2085596228918641,-0.16443137067239885
2022-12-19,0.0612506422646736,-0.48816620356217044,-0.16515414796662173,0.00773238383353294,-0.2046761493946956,0.2561767352450046,0.001110989493568538
2022-12-20,-0.335926244085022,-0.015922789344705618,0.4375352641003249,0.21678244067318148,0.09966031086058524,-0.17201751668722368,0.28700880349611574
2022-12-21,0.3279445151385135,0.43018836934335003,-0.3789304489902716,-0.3088355869150702,-0.010304385852637168,-0.08746287804836296,-0.36074560985591947
2022-12-22,-0.2089623971737458,-0.5053890633749525,-0.05449691126822832,0.2550662705280915,0.10082133394582217,0.5928891334220174,0.17940905993222486
2022-12-23,0.0763473568097044,0.35217254463290837,0.4565499980695777,-0.2755680961509082,-0.09200027856432517,-0.7312024549158399,-0.1414323975522727
2022-12-24,0.036301045566111,-0.1414219758960042,-0.4463650834327424,0.37819295111275514,-0.024080040661260984,0.2515873129799217,0.35197206002118864
2022-12-25,-0.0466245951990381,-0.00891451608367395,0.1385145949974431,-0.28958552775008994,0.04924361200974845,0.08410235910753519,-0.4327269384193607
2022-12-26,-0.0778866573843974,0.010447474446295664,0.1574601566512085,0.042710712249401865,0.07158039266679711,0.0629913943345852,0.12521464642571625
2022-12-27,0.171751654173689,0.11788659205642292,-0.27827665482245917,0.1698677291560883,-0.18669987210242464,-0.15770474770357498,0.2138011589599643
2022-12-28,-0.023279772056397,-0.16901342438458788,0.15199642543347228,-0.29670782053665967,0.03940752907579625,-0.05036781204795667,-0.1736838867910405
2022-12-29,-0.1407884427673413,0.03238213890509138,0.08438995731467386,0.2666660460102984,0.20278972914347587,0.13778870094699477,-0.11358934809226584
2022-12-30,0.0412247826790464,0.10517018566933482,-0.1596833006158727,-0.18904556671959566,-0.1743637608252309,0.04603464598579627,0.2473985668112182
2022-12-31,0.0856592279570296,-0.05657108383707442,-0.0012814245731482723,0.1940368091751712,0.007218461946040649,-0.10060262125985474,-0.12131909677048468
2023-01-01,-0.0850680680346786,-0.0806157704476563,0.18095568833539594,-0.12721332036065164,0.03449282041023832,-0.07615126347073758,-0.09222278150556526
2023-01-02,0.0528876747615928,0.1299415445829104,-0.14322993853538427,-0.003942165964756635,0.024393376398259232,0.12378996545647244,0.17726745722156184
2023-01-03,0.0458354821386869,-0.0561705069470289,-0.07059652569426153,0.03371845000335688,-0.09734390078810609,0.012662451964991885,0.035404584123914215
2023-01-04,-0.2163898750383523,-0.1154975366939492,0.23823916701389622,-0.049860188105806245,0.20243743772017378,0.024858465194413676,-0.17498527061620575
2023-01-05,0.2911532368971278,0.3218875230838253,-0.20053123961027625,0.06478920673956948,-0.2939104474079015,-0.2043255924184664,-0.11543989492712788
2023-01-06,-0.2088220556775678,-0.4182062401332523,0.025666727257884273,0.033340161198645545,0.2451913104729429,0.20197162494375898,0.4364843889057312
2023-01-07,0.1982072115502036,0.3960682336330262,0.09959014851744939,-0.17599546383693215,-0.16859021161777613,-0.14116292664632182,-0.5445798535977662
2023-01-08,-0.3146307677541862,-0.40590058520205446,-0.07857552310704811,0.2376040112372369,0.21419603696661663,0.19170640861289787,0.3161676457302064
2023-01-09,0.2063927117829872,0.42392576977601565,0.022816399725486415,-0.09733041251397244,-0.18176174172814372,-0.16704884122118105,0.37508271113023495
2023-01-10,0.0851875598145213,-0.25938767627311815,-0.06958725385805528,-0.1638749008477093,-0.05588299970978981,0.028288410487997215,-0.7529290162686616
2023-01-11,-0.0890968620032515,0.0034328339707642153,0.11522622740942787,0.2064026666353641,0.17232852453040773,0.05376698486437607,0.3126327269430239
2023-01-12,-0.062234995390935,0.07281715262956628,-0.007269360121223004,-0.09880508001844085,-0.07391385364421164,-0.09839270971570864,0.08052909943914689
2023-01-13,-0.0287595463714417,-0.018654022582565325,-0.14796007969773148,0.1377727127853814,0.212084719214846,0.17642588968251424,0.06595026709218367
2023-01-14,0.1397473900175424,0.05981469920248374,0.15675447484841715,-0.2516464113972275,-0.49674953642417574,-0.17040570998654536,-0.14388930934253547
2023-01-15,-0.026859525616786,-0.12359215598836928,-0.04926730519076244,0.2767489576933765,0.3434993795252669,0.05232252200810105,-0.004390366682035752
2023-01-16,-0.0925759403754633,0.04315422071395145,0.02169123813593911,-0.126383980864208,0.10153259684992608,0.018118939179777846,-0.024806350671534257
2023-01-17,0.0773598343298621,0.08925709663828651,-0.09017489203691442,-0.12147254307114948,-0.32798678052087826,-0.004948760815544444,0.1341800985422521
2023-01-18,0.1251684475092775,-0.03561967002563124,-0.010008258188150104,0.1139644708313936,0.21188426295382032,-0.1422221402127145,-0.09096174340056871
2023-01-19,-0.3484647779179519,-0.2250951693560626,0.2502945607054033,0.06125268821538043,0.0023738138943698037,0.3376851914300548,-0.0656430896613569
2023-01-20,0.1234862888842551,0.3660381761808767,-0.18666354231203447,0.06878226918517882,-0.009248197237717515,-0.20164898181307878,0.19908760078298496
2023-01-21,0.2645599763500944,-0.1277320181641639,-0.20337819403442883,-0.3310287372532556,-0.06879158105934485,-0.09091265755987551,-0.13139279456482703
2023-01-22,-0.2665234326611632,-0.25342864700762663,0.42340226081866483,0.3139341575982559,0.0490344273444289,0.09764535568524506,0.01933381668129246
2023-01-23,0.1127017246955309,0.37718653498346555,-0.18174270543184207,-0.09906663164340217,-0.0999072263616478,0.001565775774255333,-0.06415678516380108
2023-01-24,0.079579461290535,-0.1736232386568567,-0.28956891855954003,-0.13772838081326627,0.12413626730961347,-0.01850292190117499,0.02048386453110811
2023-01-25,-0.3189729002831094,-0.16047724950420222,0.5231398523242782,0.11550579935024609,0.11579252935411032,0.07488849004609051,0.12818694536376943
2023-01-26,0.2816049232571196,0.40419206737020025,-0.28038373008437684,0.1372716979927386,-0.25892585067018653,-0.08950487541719682,-0.10712992006192334
2023-01-27,-0.091696528797602,-0.40436034534021675,-0.1474669692074536,-0.02626183360004856,0.07536510199357417,-0.12077764324330253,-0.006060699544092143
2023-01-28,0.1106060441798028,0.2661416228283546,0.30811130640729334,-0.311949644326558,0.03920460243477623,0.3256134423339798,0.012057863537364806
2023-01-29,-0.2686133926045501,-0.2616811663992881,-0.1251377042817286,0.331136241458276,0.04432447369887341,-0.14070787785983985,0.12321587867148877
2023-01-30,0.4613972548420436,0.4791941441788241,-0.2015800293789587,-0.25620882182748156,-0.17236785218575904,-0.3302341261054144,-0.33666136453020756
2023-01-31,-0.5714661494495555,-0.7488389958560453,0.36559696437814154,0.1837083585201698,0.30829091646404416,0.6221711979059419,0.41571226135309447
2023-02-01,0.3725134755682437,0.8212455328749737,-0.1376591644025959,-0.026013418449586868,-0.3487407427704708,-0.49157835151089757,-0.25253885023366096
2023-02-02,-0.0438448407053261,-0.5725479813117029,-0.25621040054213207,0.007674088536109712,0.24324545546045956,0.18825451424910603,0.07233932589919398
2023-02-03,-0.1029254424937329,0.170273751975358,0.3959068107994244,0.049382009454776124,-0.12579263637731902,0.004031915509832113,-0.04761504933727729
2023-02-04,0.10283135187346,0.10065660714785579,-0.1740683962224834,-0.2662825113794514,0.1546393752117874,-0.0883467886864749,0.06742404726943264
2023-02-05,-0.0262177486203154,-0.13670452677402384,-0.19392202802654923,0.33946449789349836,-0.29277521327534384,0.0518560395044032,-0.10956321473273782
2023-02-06,0.0111620150401649,0.07725970663319591,0.3616111033494601,-0.386215535751921,0.18864548433037873,0.05074796059087641,0.1797528998318133
2023-02-07,-0.2252096182398033,-0.13760011070749067,-0.1542753744055936,0.46656681010555784,0.18571928422282852,0.009601808817621113,-0.1110146031804604
2023-02-08,0.3185599428682202,0.324059508328883,-0.114363693419977,-0.24862731568698954,-0.2553045605826363,-0.177476974937106,-0.018625572424642158
2023-02-09,0.063978042197264,-0.30014256650085874,0.01405401351459514,-0.14857069470433823,-0.05646626461551985,0.05867530637624449,-0.08057133509396566
2023-02-10,-0.3780718709646625,-0.07352382708597224,0.29037160573393406,0.3047397042592771,0.13758866943105796,0.20845166741009807,0.2311044280485239
2023-02-11,0.1130773088189616,0.3489773019916875,-0.26596027882647794,-0.18520359778620707,0.08307180640800386,-0.12931156999963495,-0.03657263296952489
2023-02-12,0.2312097635001956,-0.15331123160985985,-0.16358446281222616,0.04558242872729515,-0.15550543818770382,-0.08689127676811284,-0.2440314786190302
2023-02-13,-0.104844331665864,-0.15244425465336012,0.4336504314545557,-0.19842899401430106,0.01124878465867766,0.02793293816029196,0.16919224757516027
2023-02-14,-0.2741651171228685,0.04963645449625153,-0.10978953624182115,0.5904738085758097,0.1369198169425224,0.13842015180844391,-0.06451271281277754
2023-02-15,0.2051349737188317,0.23832025622472153,-0.29585636089254136,-0.5178566052384882,0.05407594466550639,0.03010076416557744,0.30177090051659095
2023-02-16,0.4227341406916074,-0.06270690499897413,0.06235846258583074,-0.22886112704434777,-0.5051321977912608,-0.4827730599586859,-0.5031918254989798
2023-02-17,-0.7567762882719955,-0.572387490036274,0.5044862071525393,0.6878220185875519,0.4435918353798926,0.6336632195401559,0.33525446536487824
2023-02-18,0.4389231255586122,0.9614887394601669,-0.4778073577292949,-0.3478668916275827,0.04443203544408556,-0.4258497787388564,-0.011131503661594865
2023-02-19,-0.0185849834637502,-0.7008795649324265,-0.23453728034333376,-0.13846037896759308,-0.22999761064976737,0.24830239654227057,-0.23704277796288756
2023-02-20,-0.1605962525240591,0.15774501935402058,0.7528392135369869,0.1456539438559298,0.17391342135158844,-0.04583679953669623,0.31947913886292345
2023-02-21,0.1903501342726394,0.19829713097155854,-0.5076709739032887,0.21560735628311467,-0.03843895668228298,-0.203475335007476,-0.22203850077196152
2023-02-22,-0.1607331742862424,-0.29580731229780477,-0.12611282841695515,-0.2313512309421084,-0.17773045877858312,0.18166573142781242,0.07343677551226913
2023-02-23,0.0724504589776463,0.24588872774610238,0.4677852334918573,-0.3637620123036235,0.22250287729861296,0.0016996670636831458,0.02564001748191684
2023-02-24,0.0796493759665274,-0.09126732573375838,-0.3989913617453882,0.6861971125519818,-0.15467827033417633,-0.030734268505737412,-0.053110345283367257
2023-02-25,-0.162059467522742,-0.10017853319430306,0.20204229757647313,-0.28590985181580814,0.18276811767644255,-0.004214071304304363,0.002704796445085695
2023-02-26,0.0037598805474949,0.15370251014607467,0.0300023117838738,-0.1102659624860444,-0.21665031505659363,0.017706400894359747,-0.005603663918480605
2023-02-27,0.1660849074068195,-0.0005116022243073165,-0.23514848078631256,0.08528501923448542,0.3223468096873461,-0.03157775221890315,0.06921806709766118
2023-02-28,-0.0357000028593096,-0.1291739850596703,0.21451862221888604,0.028329637895878668,-0.5164913462148445,-0.04499661575096551,-0.08679809808636538
2023-03-01,-0.2290559761439181,-0.00783124086182861,0.07198830495160745,0.11647358676941172,0.45410400189203126,0.05584267571759357,0.1528417443388616
2023-03-02,0.3037222958209269,0.29464218563635614,-0.30619738612696007,-0.4209855502492873,-0.1354150819261182,0.08323089403625866,-0.21668877059994604
2023-03-03,-0.1504128902379863,-0.40308143409913527,0.18221125322264567,0.4145616523046363,-0.09721115868400299,-0.013877234871456232,0.12093353934210478
2023-03-04,0.0080759327932099,0.26444138445920257,0.15558022405274768,-0.12126700540870955,0.13055373104233312,-0.20766601383744804,-0.05382958611513574
2023-03-05,-0.0330220621473385,-0.10050323443699073,-0.28325445257707493,0.023087131036346527,-0.010021917810222847,0.23549533430946185,0.17202450547921752
2023-03-06,0.0954561270723259,0.07630556765529198,0.07785323166313803,-0.07851990762591785,-0.04942062320630935,-0.1508955350154106,-0.2647385601527207
2023-03-07,-0.1181391443336826,-0.14297566925922148,0.170138139623841,-0.017222388772656014,-0.12678012393922303,0.003366947122418333,0.22516548532675687
2023-03-08,0.1726515896454234,0.21952818773377317,-0.2174076915414113,0.15905697091006904,0.18745025117432607,0.1467465364142703,-0.2458138651623377
2023-03-09,-0.1495019930929925,-0.2559039394749554,0.08338508890083436,-0.17656828212710904,0.13178633079386456,-0.11258587355889736,0.27849723075641875
2023-03-10,-0.0298226219794874,0.1760972961806076,0.09373635773568122,0.07746008096548963,-0.3131614104166818,0.06640123803469909,-0.07919681871608969
2023-03-11,0.2502234771529288,0.0724079707716201,-0.22664792074164783,-0.04346478130411351,-0.029826868062423358,-0.22917482681337453,-0.17319356961921145
2023-03-12,-0.4430389556642982,-0.41474849968616184,0.2725682227416094,0.23783072393413401,0.4066206117793712,0.48606584419393983,0.18656835383621126
2023-03-13,0.3480416660608508,0.611574025941942,-0.08794046355375722,-0.324224040360311,-0.23486010326605558,-0.582453981846432,-0.08194368971592482
2023-03-14,-0.0097186378237457,-0.47151848329995233,-0.26033409659761386,0.10557579473288839,-0.24173023630871976,0.4571855095358595,0.08782992964352956
2023-03-15,0.0539604033815194,0.21561126997824234,0.36286266424346725,-0.026894056800822796,0.13437266531745132,-0.3290604800707381,-0.17032655524320167
2023-03-16,-0.2786348980445149,-0.18578119876519833,-0.09360557231062262,0.08126673075542445,0.5308286271622239,0.210860169178797,0.08334442462684652
2023-03-17,-0.0142758080781093,0.21024238059672232,-0.11498512650729605,0.10638901015906824,-0.6780335157812534,0.09156876844144521,0.13725213737243508
2023-03-18,0.4553579080589738,0.10098080334655316,-0.03195244204218044,-0.4018164836675661,0.18191125876887035,-0.37036664108503303,-0.17121368638948936
2023-03-19,-0.4452670391006246,-0.5472378831448511,0.23446992348360454,0.5438780320474917,0.18296123417225144,0.2993255313745046,-0.0902307632064938
2023-03-20,0.3185238635883706,0.7043815306421684,-0.14034058781189188,-0.44874246811696644,-0.2777199529833975,-0.20300621042746356,0.25708374278116997
2023-03-21,-0.4937922189900287,-0.7032973993425494,-0.10730689384617005,0.310334673067537,0.3815531504662437,0.48349947736437293,0.122511449928728
2023-03-22,0.646000287969962,0.8358536124672957,0.14188845196242697,-0.4446927620629264,-0.41929925325683387,-0.6599020901412939,-0.5679141566443044
2023-03-23,-0.5046239729820216,-0.9566772309948963,0.029519797617154054,0.5194439440526963,0.2790610214029959,0.2756093718052121,0.510632780090554
2023-03-24,0.3308976855096996,0.8501793332170893,-0.04825736088017201,-0.13670463656572807,-0.08309922833062977,0.08257444433900576,-0.2917068138655396
2023-03-25,-0.1729995789929861,-0.5764207393966385,-0.1410006470651119,-0.36387451470285287,-0.0400248349927113,0.020450501904093837,0.03232959293280108
2023-03-26,-0.0478076452597788,0.2649710624187774,0.21478625964945053,0.5656268856440273,-0.018591226285704136,-0.15125923481532427,0.31230892692657936
2023-03-27,0.2337173616182208,0.0638746946213135,-0.09264353591202394,-0.5190065005424307,0.07486174508923693,-0.061735962591931995,-0.3892113821393353
2023-03-28,-0.3806229374586683,-0.38055218927569573,-0.025018748460412778,0.5353656321614972,0.1406865829893648,0.4481926799589977,0.25700072130966656
2023-03-29,0.3192846920846814,0.5456870177650205,0.13790052416354828,-0.6349724483994807,-0.3427369770736663,-0.354388691738958,-0.20101011784013081
2023-03-30,0.0314390950147349,-0.3982320326434303,-0.35033864162630346,0.4820122680446594,0.22698063194220988,-0.3537299523525116,0.20308759645133695
2023-03-31,-0.354532349775874,-0.03884306131712771,0.5304628941546465,-0.04962991809536874,0.02684923022757911,0.8105865437831438,-0.28223484116492653
2023-04-01,0.4148425658161562,0.47234555381506194,-0.4026910109357581,-0.3214908411015297,-0.13683562794967682,-0.5939303065462822,0.36584993557775863
2023-04-02,-0.1695477217994055,-0.5537022273339599,-0.059654973243915284,0.3494918539643501,0.004055399990788695,0.1067517499252238,-0.27382853445348626
2023-04-03,-0.1311110849035464,0.2630999126400624,0.5099705168302,-0.26575602191771647,0.17551967267824536,0.2180514752206212,0.10055849402713253
2023-04-04,0.1479540237007268,0.07786928102919288,-0.5288230763710022,0.45129970267190894,-0.22057336831621296,-0.24128592450997594,0.00903637805801026
2023-04-05,-0.0401838153930161,-0.18924725235055237,0.12296781231503891,-0.5415269595834297,0.23471302273921496,0.15202326719076234,-0.04377945141598259
2023-04-06,0.084301840059164,0.14807131888228164,0.2339789140174111,0.2010476868990948,-0.22042036724049519,-0.11798810277360913,-0.0476724969201099
2023-04-07,-0.1417351110587589,-0.1513353625075864,-0.24862583153303255,0.1428274149936087,0.07071307678926932,0.026215146996135332,0.10108308727181563
2023-04-08,0.0723635542934407,0.17783400822773737,0.0804516964353538,-0.2340316596887911,0.17141951766646168,0.09513089415628466,0.11812577891661816
2023-04-09,-0.0051910517077675,-0.12527308372252766,0.010833336095892987,0.14552230826834714,-0.3944245286156205,-0.01364583933789953,-0.27455371796017297
2023-04-10,-0.0207986828483942,0.030588632080399813,0.033879598339793024,-0.021148510658266992,0.3404675118375674,-0.10644493113892581,0.019495883653065652
2023-04-11,0.0549183551324857,0.040112494030200466,-0.056956955559323647,0.06927425496659,-0.07112818794677653,-0.02206332222873663,0.18055143123826362
2023-04-12,-0.0136741833530979,-0.05497653707834562,-0.03297871394236374,-0.13283385764259212,0.08541758448719367,0.20716187768535302,-0.0003663366289343404
2023-04-13,-0.1170544113376909,-0.02255682868536072,0.14495544145589967,-0.018087126583888877,-0.19021087469571757,-0.1791335616157135,-0.14308487244130805
2023-04-14,0.1468954826335981,0.14875335880289775,-0.14756811150797636,0.21239268537601735,-0.11445728892721904,0.035493849613739185,0.03337206969099205
2023-04-15,-0.0875092927082521,-0.20573253482105788,0.05515838969210956,-0.22516476625474138,0.48364915923649815,0.043053569356241314,0.20155296080270213
2023-04-16,0.090529051876122,0.18290940680221746,0.04908501148487159,0.04792135562914225,-0.451964207818234,-0.032502954659948326,-0.21962700412848882
2023-04-17,0.0059540787893074,-0.10367358436292211,-0.13454628020083897,0.0800777846533821,0.266217116006543,-0.07082732612083537,-0.24391787794107056
2023-04-18,-0.2571557623106492,-0.08994752832350003,0.19436943907205848,0.009947071791057952,-0.3053532162343489,0.24111987834234025,0.646554678896358
2023-04-19,0.3985305285613439,0.3844783826047322,-0.197922216522509,-0.1648204441112278,0.38627021796354577,-0.3741217174323499,-0.47678840514616133
2023-04-20,-0.2651854749948132,-0.541550365427579,0.04972697355464544,0.1670596884478222,-0.31755595513416207,0.28346611022358614,0.013941464591093937
2023-04-21,0.1030767622698183,0.4408983940965358,0.17601141225384917,-0.07876648186079512,0.23191038789797752,-0.052444204303651654,0.2522805705538478
2023-04-22,-0.2241579493136944,-0.32368011103312677,-0.217777212347361,0.13263515903969983,-0.04394606939268129,-0.04163572353962396,-0.18469061315065785
2023-04-23,0.3481394884126277,0.38641791242267953,0.013853458341172282,-0.23108097511937528,-0.20130985356647552,0.12179075717199038,0.05690541106643098
2023-04-24,-0.1575640116495566,-0.43442661767943835,0.13695195288090714,0.08371886849137046,0.27647305578628895,-0.17661276060035447,-0.03158061434636135
2023-04-25,-0.1056267938893514,0.23349670202282127,0.0042473697605521915,0.20192260733037837,-0.28335040141058326,0.07829766910553403,-0.030063664488423947
2023-04-26,0.1390209637054005,0.06214986902217517,-0.1763370767005388,-0.3388101775143485,0.217891871820823,-0.13039253728696157,0.13134427175123017
2023-04-27,-0.0615622334629333,-0.18100662304516865,0.08805506303325601,0.2760577691399723,0.04428762912781429,0.2582086344850721,-0.07160142323511795
2023-04-28,0.0910706980957491,0.16146454474844224,0.1455499355631374,-0.19361344754115253,-0.3407339612372587,-0.050383230878756034,-0.1016750933972511
2023-04-29,-0.1191100461750264,-0.15532633236080948,-0.2190130224085547,0.2601753039312399,0.41267682649557996,-0.27793293283101245,0.094009010552179
2023-04-30,0.0753846012515489,0.16753890510307248,0.08786015028747403,-0.3271393412918053,-0.17545130988715632,0.2994657267944638,0.06759083321331473
2023-05-01,-8.889594621764221e-05,-0.11292899669686167,-0.009556088188076697,0.10649950051789472,-0.11541716579213414,-0.24877918636057625,-0.15083047629958823
2023-05-02,-0.1115146674275209,-0.01828741184129571,0.06684042599694372,0.2627723233248433,0.15632615515719306,0.45618484690130917,0.13607473566069705
2023-05-03,0.11433063778265,0.13518278552598706,-0.07707935200809751,-0.3619209466679971,-0.04835053952210551,-0.5753212096059394,-0.09406646796878144
2023-05-04,0.0268341318417706,-0.12150882938375372,-0.0598391906759259,0.1685152254177941,0.03623209427067183,0.37261116807394684,0.05301375541375961
2023-05-05,-0.1655404733190821,-0.04432781825807541,0.22086899822642309,-0.03659702743082034,-0.03993515860338523,-0.14956880113349738,-0.013360220997903346
2023-05-06,0.2497185083831479,0.25599967779640515,-0.24117791281544765,0.07794270294022203,-0.07174496522493097,-0.024382095268010252,0.004104954929530466
2023-05-07,-0.2351280771618961,-0.37725004341838553,0.09607572681618215,-0.1200101576247446,0.1367211000636983,0.18726857790121573,-0.07189350463833323
2023-05-08,0.161581806865445,0.37345169611760287,0.09528360261845235,0.003284766021037759,-0.10750455982788144,-0.28311409649939423,0.06892904518393161
2023-05-09,-0.1139368269294876,-0.29074554964397753,-0.17904216825506858,0.18865156542542394,0.09003167605376125,0.35978031975005165,0.07725711097324935
2023-05-10,0.0043973109886408,0.16389629231525668,0.1497645812019475,-0.15487544257368308,-0.00042375477974677803,-0.23906861892741166,-0.21898437992524877
2023-05-11,0.1670891167861301,0.024577754498866337,-0.10997990778914155,-0.06848160295921962,-0.1857298727588696,-0.13745990021884058,0.310013148273919
2023-05-12,-0.2682391337506224,-0.24994788907416696,0.08268552416750607,0.19879088926866317,0.2610451728427293,0.4473439218276386,-0.1719012631238574
2023-05-13,0.2655824286011189,0.40688147485726106,-0.011503571571217572,-0.2418604641656519,-0.21008930780954935,-0.4965377595141195,-0.14641702563408346
2023-05-14,-0.2108299645843062,-0.42880639875814447,-0.0978768415659511,0.22737767343967424,0.18348717834349987,0.2749481718886055,0.09075359733714207
2023-05-15,0.1672100993550531,0.3680951635979064,0.16611987978418796,-0.1946420308731145,-0.07087414582156391,-0.007538303694578919,0.1346083046886233
2023-05-16,-0.1133422152182096,-0.2816384218793948,-0.13386447763687914,0.1931335405979657,-0.18698054638865674,-0.04763271642301789,0.08828510600472925
2023-05-17,-0.0136257663544601,0.15708298813028698,0.0691855009108203,-0.05651237451368804,0.3701162905095672,0.04414046255321165,-0.3770915403832437
2023-05-18,0.1257834019489273,0.015744937233200952,-0.04086141832403174,-0.19229767915243925,-0.289301287808922,-0.14640864440111767,0.25157193277640166
2023-05-19,-0.0958515408283743,-0.14196726943156526,-0.010079412781578269,0.32038962607240823,0.11851166299540375,0.17324285105133463,-0.12256708560368484
2023-05-20,0.0087159469178265,0.1352422900513055,0.11409305376254676,-0.3203873491198451,-0.17774274402248974,-0.06559995119731375,0.34547873684974717
2023-05-21,0.055163369247398,-0.026922720126603846,-0.20156050517430493,0.24289052187575524,0.25977459465382036,-0.02818590776258759,-0.5457159218576173
2023-05-22,-0.1396800324140331,-0.10506180785134236,0.19423778325355298,-0.1329735999940775,-0.05994868851665555,0.10362426214441063,0.43475617191300886
2023-05-23,0.1282932357202428,0.1902619193426538,-0.06163715898745545,0.07563592653941464,-0.16311888111744813,-0.1266516230342316,-0.2510885566876397
2023-05-24,0.0278413084931961,-0.14511003912217654,-0.11713356332776961,-0.006654148243701713,0.11076163351679358,-0.0032502744382866024,0.09282815420718749
2023-05-25,-0.0676769299456178,0.012921642487477562,0.18093952661630994,-0.14226259037823827,-0.007227241464093874,0.13436406172882975,0.045096824768258624
2023-05-26,-0.0444635538941676,0.03766816253153738,-0.07302078592330971,0.2289281598937795,0.07437536571766981,-0.09181357221337844,-0.1412806443676274
2023-05-27,0.0755753215190223,0.034427902321513076,-0.08481023373955644,-0.1824762072581156,-0.11365420113462557,0.028612204485580505,0.2704495684196924
2023-05-28,-0.1083505486825762,-0.13033972471996977,0.17266569795043557,0.12491435167247794,0.09523270778492784,-0.010072089381335936,-0.19587522646383632
2023-05-29,0.2110830195657037,0.2224485244365334,-0.13772608892412036,-0.09389990247277381,-0.07970604827466721,-0.13181016520259264,-0.15615579797644474
2023-05-30,-0.1793379055783447,-0.29238769064236203,0.020112950859928546,0.05764149540872356,-0.02823874733602102,0.30902808570477003,0.4030049312058141
2023-05-31,0.0645044183938165,0.2651898495260193,0.07981502389443927,-0.04405887911463858,0.0704477159558682,-0.350767636464402,-0.3810542354319423
2023-06-01,0.047393803635873,-0.11223715641528724,-0.14878573995222036,-0.04218364523777731,0.014546725629949384,0.18209134921867576,0.09249617202392725
2023-06-02,-0.2209175144035463,-0.11286570333167996,0.19537051446267936,0.189209745522296,-0.05539699387934486,0.04960712586342295,0.24360952109282955
2023-06-03,0.2621600471570161,0.3107598269899138,-0.11748997905302937,-0.18583736648735455,0.10248545175827865,0.01872234271485041,-0.24133863375396752
2023-06-04,-0.1502272732534861,-0.3705104561006262,-0.06866436514511245,0.11995906831890896,-0.13427274119504162,-0.18377608334351406,0.06209031674218676
2023-06-05,0.2032786313307339,0.3438087967201613,0.1488744188762044,-0.17364499043700266,0.0366702196256224,0.0006389939111028901,-0.1029721744252243
2023-06-06,-0.3758337322762421,-0.41059833532144563,-0.0342555534114159,0.24159728893529378,0.08287332964961586,0.3140467067797516,0.23603406134331634
2023-06-07,0.4611097506069794,0.6000629473514857,-0.14362986835213312,-0.2855916807558874,-0.20328076081763338,-0.3975198034948883,-0.2363927435890174
2023-06-08,-0.5067283599122264,-0.7708257585056952,0.21819075696407114,0.2504325695052429,0.37183017129168183,0.3691629938692341,0.21299774916018976
2023-06-09,0.5026038379156272,0.8444677333492925,-0.11563887654678419,-0.06915528991020276,-0.4705559143220778,-0.38871986807121234,-0.21726438071148763
2023-06-10,-0.2523638972640213,-0.7353082333377391,-0.12403612696918873,-0.09886568956240603,0.35732060463232124,0.2510503109423466,0.1145935514659226
2023-06-11,-0.1085309426245875,0.37667372283392203,0.30529689065572363,0.21440426834470588,-0.1478640721168364,0.01091640611259896,-0.006117262080377628
2023-06-12,0.1124429629926588,0.0011058238312381596,-0.2151474112340652,-0.3075352382693186,0.11756434653582282,-0.07475440596829946,0.11391382520989968
2023-06-13,0.0463401185640443,-0.1085743509373643,-0.08233034155153823,0.33294177930631996,-0.13908676134605424,0.061823336504838636,-0.19986322978095714
2023-06-14,0.083689008131063,0.07050067186138023,0.296790914219713,-0.39628078242269305,-0.04381718954002686,-0.14064679558126267,0.07730773080202197
2023-06-15,-0.2149111202331272,-0.14385952113707864,-0.2331014173002271,0.4332834706864264,0.213783924541754,0.11151309553673694,-0.004711726914127908
2023-06-16,0.0850577479071263,0.233821140165263,0.055979856325325594,-0.276285493394825,-0.1453303366444313,0.07426401215178903,-0.04852723098543466
2023-06-17,0.0029967275734756,-0.16767938190069834,-0.004367050515074763,0.03677418467735823,0.032161953778179306,-0.19409610484325907,0.2479963445121552
2023-06-18,0.1109161620095567,0.09982923608372159,0.039405273927675316,0.09981311507824234,-0.01649835608510136,0.11028470782051135,-0.4135063516988943
2023-06-19,-0.158342298636938,-0.15558830461780573,-0.006348966319680779,-0.10752515093803051,-0.03151882367994599,-0.02016644605442855,0.3005990911138315
2023-06-20,0.0380047602400893,0.18515521750777406,-0.06366356821845538,0.1458484272324783,0.0591725106936208,0.05931018106875559,-0.09097231003646705
2023-06-21,-0.0410719044604876,-0.1291318799843252,0.05278406750369028,-0.2800473129198685,0.08875153442696215,0.024266960995470228,0.17298080330044063
2023-06-22,0.1600588790141076,0.13078131235953738,-0.010324532480891371,0.33668991514231433,-0.18270306948216716,-0.22895898251944583,-0.3367232534974562
2023-06-23,-0.1561956578046211,-0.21077114751741804,0.04807712833814035,-0.24635873822776475,0.0812599942491998,0.29982535389152326,0.21350505224990546
2023-06-24,0.1481058998224863,0.26624576349230017,-0.10041157813293354,0.057415685086031634,-0.02542888478566762,-0.2914877622778019,0.002397053350562075
2023-06-25,-0.1985906871433212,-0.28441588288845215,0.0659360200431957,0.0766576227506726,-0.016200874389715174,0.2838600701222792,-0.03576788769382796
2023-06-26,0.2214770488558505,0.3268438615236073,-0.01758193363899511,-0.057286910639063514,0.09703640192173449,-0.262638865046061,-0.032694254147077245
2023-06-27,-0.2816952872129121,-0.39934343560795843,0.054510794873253325,0.08700235701279493,-0.025928804473834575,0.2528993775540077,0.02744720978818401
2023-06-28,0.4394038373979691,0.5342993043488293,-0.15701573690636744,-0.2306668753480014,-0.13470677177093307,-0.2501655043995444,-0.05171150744052125
2023-06-29,-0.5076266097352498,-0.7076287705993107,0.17246399332859713,0.2495316921807086,0.25180891879118733,0.20399816044060698,0.1286047079455993
2023-06-30,0.2288404315084664,0.6920297163394588,0.010490819555105939,-0.04803780125574724,-0.29130092256620993,-0.05295606913173042,-0.09094053287967829
2023-07-01,0.0827248012071465,-0.37619153923122184,-0.2474439154078519,-0.1454889320258913,0.19460949746791273,-0.06652774909175212,0.0674485387543013
2023-07-02,-0.0423126003232515,0.040997148430003905,0.2642203450960785,0.10076012947971422,-0.10277012265447066,-0.01991542951979954,-0.13330822308607299
2023-07-03,-0.1181365034560011,0.010793055106346122,0.04176180396650726,-0.013678375544965987,0.21803585025601027,0.186265088263531,0.09962281764434984
2023-07-04,0.1455807588997579,0.13392859307651384,-0.3556250674069826,0.1048431712447288,-0.3951272341538386,-0.18970241694835485,0.03314181654180801
2023-07-05,-0.0267840536015237,-0.17395409070745596,0.30455357532346344,-0.2717198027598006,0.4161695886797556,-0.002343870402901129,-0.146690710875071
2023-07-06,-0.0464616621102592,0.07001442391513968,-0.011887441701002689,0.2923603510803043,-0.41151452164059055,0.07505286378803609,0.12446525201714757
2023-07-07,-0.0779717085197973,-0.02248370115209647,-0.1069683978157814,-0.039606440689655055,0.4648441631869973,0.08608065173009309,0.017687667349206092
2023-07-08,0.1014117789572515,0.0816028720543923,-0.008726432153216506,-0.18513254109442787,-0.2549107385276865,-0.12233005158329188,-0.08080666131941647
2023-07-09,0.1096898063607952,-0.05239381116670622,0.04015905470677467,0.07962108660681701,-0.16556280708487797,0.01914527659712651,0.07308324673594449
2023-07-10,-0.2195506364835752,-0.13531979775862665,0.08723570280263349,0.07357440928101712,0.22124545186318714,-0.03195277821847902,-0.10275868033466665
2023-07-11,0.1121062912362072,0.2644905200917625,-0.11224471955089803,-0.008926260231967988,-0.037803401035538864,0.07065362037654148,0.14631176546347033
2023-07-12,0.0686360797482773,-0.15448059096233235,-0.08671135579239189,-0.24543465174415394,0.086095000407591,-0.09455927102709698,-0.22808212191936675
2023-07-13,-0.3928475098690249,-0.19160596564536198,0.3867569153196583,0.4906057665964519,-0.06140273467762108,0.21404196966816225,0.3743160431183337
2023-07-14,0.7539320268715493,0.6933119440257479,-0.4992158442759177,-0.43507959300677923,-0.24538618093542694,-0.30493993342864734,-0.47388257655621846
2023-07-15,-0.6866690205571537,-1.0718566555945133,0.2305458608281739,0.22211128612247616,0.3233502895268967,0.2303498481826869,0.3630726129090046
2023-07-16,0.3132483896880568,1.0208373986116743,0.2369981227020615,-0.20788793672787087,-0.04862751418856066,-0.08537858550087356,-0.1138609026469405
2023-07-17,-0.0980242850981541,-0.6201823408250139,-0.5408116983620601,0.26268771918206935,-0.1071634833462182,-0.09009591406148165,-0.05965189940860063
2023-07-18,0.04435844258073,0.2525757581980463,0.426760281388815,-0.1763362166011978,0.02776445710466035,0.25615715044862586,0.08843872050911504
2023-07-19,-0.1364973125704598,-0.15152817827298998,0.04854354213766041,0.03286326469785707,0.023126650352084565,-0.26004840290978115,0.016150799721377885
2023-07-20,0.2776650155818437,0.2598386961003238,-0.4548636764327035,0.16185913677798378,0.010648443689344032,0.20496637030981907,-0.16732672181574543
2023-07-21,-0.1878290151327208,-0.3566590982628182,0.4143899226617275,-0.3926509628583934,-0.060427290274915106,-0.26681402951948213,0.19563172369554524
2023-07-22,0.013704548090649,0.2792466031572637,-0.07182272513666339,0.4183735646467093,0.1347962804072781,0.19056110482827995,-0.07409129173865683
2023-07-23,-0.0668007384166726,-0.14126101720315518,-0.11232838349548578,-0.2432280213720354,-0.13454198246606053,0.12501308354545956,-0.03217604565558955
2023-07-24,0.2466508826398826,0.1804842019117274,-0.010866177780025951,0.06233918213417489,0.062059278835978914,-0.2457881038563368,-0.020814012103304594
2023-07-25,-0.2465509568805916,-0.32977960986057264,0.1811839864907296,0.030896683131123658,-0.12602374449013587,0.12279885331222348,0.1024710491214272
2023-07-26,0.0515632575475762,0.3226469229599069,-0.12106544883337589,0.03367326764101392,0.3721094052542645,-0.09836687913977754,-0.0316090384845843
2023-07-27,0.0716388875699806,-0.12580767536950466,-0.1118090389231603,-0.022885525286147995,-0.5205537979443621,0.12106582898500776,-0.014078754606601724
2023-07-28,-0.0468028671074558,-0.04589985454953946,0.18957495033509952,-0.24151446115613726,0.29808478397365634,-0.03943673363878694,-0.04432694869802252
2023-07-29,-0.0101958851170855,0.06398301933236802,0.003201528670294217,0.35509073272126634,0.01015760784931839,0.007177532311698775,0.026624431929154584
2023-07-30,0.0133772962273289,-0.010225562621990763,-0.18395136337252788,-0.12437487127052033,-0.012685056337851662,-0.091398022831805,-0.0024494693106066187
2023-07-31,0.0824320085360509,0.02853379162725789,0.11987272580439119,-0.16106640162915925,-0.151745157492011,0.06482561249919055,-0.05771396820113858
2023-08-01,-0.2012107330516546,-0.1530364796753175,0.0789839095052307,0.2468845217376025,0.22476759568544608,0.09985346603564409,0.2702642803923644
2023-08-02,0.2425466262650274,0.30541414555004487,-0.16463902058445337,-0.08340054341421312,-0.14757984595432216,-0.11778438270583208,-0.36569963587827836
2023-08-03,-0.1432848844855347,-0.34334681663930555,0.03613918801355291,-0.12545247165960485,0.051448494433083185,-0.04729411208578061,0.23131712245929825
2023-08-04,-0.0421805785030959,0.2017869118972789,0.1676967601475151,0.1514958566157967,-0.06832927148469747,0.17162709276493537,-0.15897202637320515
2023-08-05,0.0908050106180402,0.001480436596434178,-0.2219457281615491,-0.044760952189414414,0.04973690288345623,-0.19375785995902037,0.26311095348089203
2023-08-06,0.0025958538590548,-0.0820493014130684,0.057307701928909736,0.024208283836687,0.08928126109360977,0.16283481649279966,-0.411002502992256
2023-08-07,-0.0197996528086374,0.0353952842038099,0.14317304699191757,-0.17720236304132622,-0.1609877972011979,-0.1632484344222128,0.4634315068654073
2023-08-08,-0.0743551505396988,-0.023466230165999365,-0.15249897839467055,0.30561248342919584,0.10873395099737251,0.26735469139624507,-0.36203186075143295
2023-08-09,0.0834451481138848,0.08369327662151432,0.031377091792895904,-0.23709508910190466,0.027813878629805774,-0.39887585030801687,0.11798679338365842
2023-08-10,0.0470716195077077,-0.07073177963641822,0.012818938043124806,0.03902888500730569,-0.3620278871596091,0.3746205566883111,0.09818720595461657
2023-08-11,-0.0925511273929639,-0.0363301659679077,0.05090034229547508,0.09904121966406597,0.7046665719770623,-0.1262358354615467,-0.03417840594805265
2023-08-12,0.0127411244335708,0.09418837186423255,-0.06621002006741955,-0.06437285354978187,-0.6144744006945964,-0.07203913027172633,-0.1455871252687088
2023-08-13,0.0260481008361618,-0.04302116450001121,-0.03554852769884365,-0.021784296386030803,0.2666405494613223,0.01451888341521362,0.10950543264271037
2023-08-14,-0.0556357069727559,-0.039660079669255055,0.13078880532527148,-0.002360043627193482,-0.053316885581767885,0.1345405423296741,0.03228843870611303
2023-08-15,0.1054282589446268,0.10617596126999491,-0.1033226045747122,0.10540715620931954,-0.02858594174367868,-0.18718517784546365,-0.04146325490823676
2023-08-16,-0.080892442210684,-0.14221345949279324,-0.0029788213767651304,-0.14583426258823473,-0.06008743936580918,0.07308931986050458,0.010296145879193055
2023-08-17,0.1659605581321042,0.1959307540229412,0.00596272371877963,-0.03920218779404202,0.1560265640941407,-0.06553331194033014,-0.16040835101102371
2023-08-18,-0.392344499002656,-0.3577630633188562,0.11087167246922816,0.2785530038399528,0.008200876536258483,0.3049222603325345,0.28301257629037374
2023-08-19,0.3115831460251371,0.5144612590796885,-0.10845817373305638,-0.20928403407045362,-0.12077625698937483,-0.27447984077169524,-0.10752690251600966
2023-08-20,-0.0335371119690596,-0.4327365097677928,-0.07173065258353754,-0.0032898925156314837,-0.043613013225412944,-0.06407646229969638,0.002385396516199346
2023-08-21,0.0454405481374812,0.20844430911042885,0.19996587261693052,0.026676837385718872,0.19561020852734676,0.14511617083387662,-0.1532177989560906
2023-08-22,-0.1076991877301282,-0.1038453545877716,-0.12507615423308763,0.018052823792995578,-0.17650293397445263,-0.026228755124749543,0.16541569774436962
2023-08-23,-0.0989765634832592,0.045781756967982146,-0.013435747504933234,0.060903843108710505,0.0988848020423631,0.016050285955089377,-0.015840347042694464
2023-08-24,0.2498704704098848,0.14094242081255787,0.0482630565078369,-0.2628945603213322,-0.045727302436698855,0.14504748159609773,-0.012467091987372865
2023-08-25,-0.098449301958355,-0.27198906720981364,-0.03648703176876981,0.36988227675769675,-0.005744997840047383,-0.527051744028507,-0.12793676129988762
2023-08-26,-0.0651335698343011,0.16323458789754305,0.11892114050763408,-0.1920778914192466,0.02186015901648185,0.5785205318429874,0.28688348785606976
2023-08-27,0.038249269413743,0.013157915514195392,-0.21796292926333263,-0.009224879423437164,-0.0030273294294365653,-0.2679453094186359,-0.4014257333094902
2023-08-28,-0.0076811319426994,-0.0635789363207282,0.12870836784084824,0.001050698244139059,0.07093849986705704,0.08051120118904383,0.4299969485173673
2023-08-29,-0.0166561432634801,0.01670182248485707,0.10513026096834549,0.02774073467906383,-0.1601059890853287,-0.026495476904580994,-0.18229990399137086
2023-08-30,0.1255266417500015,0.07256858265833678,-0.21685166835491984,0.04966462237360729,0.1495032097052083,0.03029645294645457,-0.1078780900751505
2023-08-31,-0.0753468700043455,-0.13274868922038452,0.09304878377741431,-0.22437239568343187,-0.07616533926136798,-0.16769974306127575,0.01963754260388924
2023-09-01,-0.1113365992529594,0.05900319052360687,0.09977770000777081,0.32853050839367176,-0.02533131790571845,0.21310640557816382,0.213964545473372
2023-09-02,0.0982483169162091,0.08763246459346512,-0.15597134817896702,-0.16623348732917623,0.06631680556001661,-0.07184498239008918,-0.20586019682080972
2023-09-03,0.0223117762349467,-0.11282842464045342,0.04625811700155284,-0.020210120187139347,-0.011185195737091556,0.03883906434758444,0.001299339182060596
2023-09-04,-0.0330120062140681,0.01902108040817808,0.10324515309298905,-0.0024991436393435678,0.0019623674800270476,-0.1732605791630571,0.07786305767290064
2023-09-05,-0.0117924227546213,0.028155401910653445,-0.1279962912378989,0.07361454646836299,-0.0710650727285903,0.2027088363842363,0.07200968378315419
2023-09-06,0.0297072537549409,0.006481256084797121,0.008724612206563332,-0.05034925424936388,0.05054508965424086,-0.06134555616493105,-0.10481780366369473
2023-09-07,-0.025003900982552,-0.039030545141246695,0.09294959895534581,-0.06640776713831986,0.07763839458115261,-0.035005721647120194,-0.10007366041101798
2023-09-08,0.0391617702363777,0.052942448518531936,-0.06131319212215405,0.10977864446108211,-0.10944961814594903,-0.00037471097344766275,0.18842280633108513
2023-09-09,-0.0665029636644582,-0.07381082489870806,0.0001750429761161528,-0.0019549958494071455,0.03510686819416005,0.05928676057087589,-0.05162618227640135
2023-09-10,0.0707225486994767,0.10240217835124066,0.0002124427317745454,-0.07043716813780156,-0.00539393903241134,-0.05580047757361124,-0.11494329100541248
2023-09-11,0.0101298996172058,-0.07713622529754745,-0.026330361751160113,0.021858048742377015,-0.054622527203540924,-0.06918348575216918,0.3304748772585955
2023-09-12,-0.1356036335143383,-0.04012919800118213,0.0978709468985903,0.08315670798127198,0.15335916027987023,0.23825359729306786,-0.5670972972693926
2023-09-13,0.1124863501364355,0.15590825776956505,-0.09173134612225228,-0.14178397404503015,-0.110437959667823,-0.2625299128692638,0.5133393232547624
2023-09-14,-0.0095329616176515,-0.15160409169121938,-0.022534274028681977,0.06136979107581852,0.14375529568355855,0.12536300081603027,-0.23348072127378022
2023-09-15,0.012008422862367,0.071375083635264,0.12403847164512938,0.02497187126080353,-0.3636533832732286,0.02221805240917293,0.05646580640495388
2023-09-16,-0.0336951477510781,-0.03032902595434041,-0.09909322736756486,0.011145530882549189,0.30072525562853397,-0.051720674014899284,0.02061021728993017
2023-09-17,0.0502732770636236,0.05540779727055174,-0.02292812493101055,-0.08579934333609489,-0.05038438431379921,-0.0323512124913003,-0.008521440418465516
2023-09-18,-0.115992896499362,-0.11150684866003749,0.11817007014195305,0.06684834253876387,0.08973623216613352,0.08777563415856054,-0.10078501276043374
2023-09-19,0.0831679811823241,0.14825448555831947,-0.0747089522223718,0.059719611982591674,-0.13434630209862694,0.005280533137408571,0.11107725639469054
2023-09-20,0.0476681808980802,-0.09186772140879435,-0.05364995656718774,-0.11749803534850368,-0.10637860786889712,-0.09097499664737918,-0.02244510452439766
2023-09-21,-0.022718913897895,-0.0007163261133176927,0.08672990726130675,0.030666350330524242,0.22897222283526789,-0.024843622530381124,0.03952340466300447
2023-09-22,-0.1035131590538434,-0.013164290900266546,0.009447692241650742,0.0216038910711367,-0.036163495972560154,0.13339527627650954,-0.1852901323557477
2023-09-23,0.072940233625284,0.09655278365177682,-0.09496920523321019,0.022395503495074992,-0.09741483679504638,-0.052572627751422865,0.23790176585357173
2023-09-24,0.0605752221757888,-0.07174877321880643,0.046312619447862975,-0.10196705031327444,0.013222203397997656,-0.05757076533779876,-0.09725612559188325
2023-09-25,-0.1327962167997741,-0.07180667692794984,0.09502349682734003,0.140346204344513,0.054627829729694044,0.12542328670115277,-0.014967199803105737
2023-09-26,0.1172438941010442,0.18267332226944288,-0.1330598216409351,-0.0445164658104151,-0.08149231395567812,-0.15596305145129197,-0.005787338542304187
2023-09-27,-0.0332327110907412,-0.16565192787855376,-0.0146104662848536,-0.0760914961026595,0.13727228532293653,0.084713478755224,0.022156312794956733
2023-09-28,-0.06282653891754,0.05119968061983061,0.17767010770323352,0.05139072136361443,-0.039038529015396256,-0.09077233614727899,0.013826095992168146
2023-09-29,0.1127195014255606,0.08403896968291713,-0.17507736779137478,0.010413257799284389,-0.14867136726794816,0.23624503267620753,-0.09061305166953985
2023-09-30,-0.1012287139624286,-0.16143610844704057,0.04174808786670279,0.016211625157842705,0.12967911695284073,-0.18146733711656385,0.1982471582370059
2023-10-01,-0.0428502384467481,0.10540521155049061,0.13372037586399244,-0.04777078412050133,0.044182251521850006,0.05512717870250134,-0.21344693510329352
2023-10-02,0.2590510690087827,0.1109140165853722,-0.26616746399805674,0.026223061466778767,-0.15858323143185338,-0.19734508854193755,0.024542862794244027
2023-10-03,-0.2829302829103839,-0.34460269383579806,0.22669513742784408,0.013097376648983593,0.12652726389695762,0.2567886962794526,0.17403658079561954
2023-10-04,0.146307153436539,0.4028776162219723,-0.008761799708148185,-0.07369366381588352,-0.03563335201192652,-0.011038136307837041,-0.1539470175376242
2023-10-05,-0.0693029854217223,-0.2820866030580275,-0.2065790498428571,0.08941812120688737,0.007159726509531657,-0.15160160402245376,0.0272212451127534
2023-10-06,-0.010641833915946,0.1178380947466881,0.2567604872066506,-0.01928550406651512,0.029277348647293026,0.08369094997625748,0.029222069561612968
2023-10-07,0.1322356079118384,0.03993929549849573,-0.14541776517549948,-0.032669014476295846,-0.1118762199776534,-0.033162460338364994,-0.005689227416315548
2023-10-08,-0.1422488265690689,-0.16882925371102797,-0.015078911199153182,0.067577633884616,0.13328286102174466,0.060807367178412036,0.006128089625390778
2023-10-09,0.0743098972340564,0.20409546674778029,0.11711232244299333,-0.14750565777800898,-0.03796879518665982,-0.04422008432151687,-0.09174539196904011
2023-10-10,-0.0448422841714035,-0.1473965275245264,-0.1465049731405667,0.15744689643758172,-0.08805427949997598,0.04361293826044152,0.1172446508660184
2023-10-11,0.012599014131823,0.075842873925862,0.12987336285834125,-0.09090193219161918,0.09051054188127672,-0.10423214578449262,-0.014191741191205448
2023-10-12,0.0309571279926365,-0.015594862737575262,-0.0618493889598787,0.06584195798977646,-0.02873987112517732,0.0385580869116133,-0.07127847340959978
2023-10-13,-0.0366189002158043,-0.03322214211050339,-0.018544128329009396,-0.03392749023140407,0.03838183173121348,0.10638508718468008,0.09284832889542488
2023-10-14,0.0084718615847802,0.04559253048732715,0.060405009906265114,-0.04344242990658309,-0.043670682664106786,-0.07960672570476585,-0.09562482996011588
2023-10-15,0.0161706932088037,-0.01617474344394646,-0.06786415906916285,0.11344083600050199,0.03288324806850686,-0.025657316744363987,0.06375960128644861
2023-10-16,-0.0609782215651032,-0.03793202068987948,0.07879504386637082,-0.15787244502300124,-0.049381040637112274,0.05970579510360679,-0.12037083080141255
2023-10-17,0.1411855508054359,0.12319219353672199,-0.08127223575500156,0.11015567301777851,-0.01857201058218959,-0.07560155457684506,0.2781316316684473
2023-10-18,-0.1030412897831304,-0.18076049546974882,0.023095908404552237,-0.03518880221174099,0.10348288874735072,0.040298774758471205,-0.24474459581907246
2023-10-19,-0.0472974963736115,0.11912379315603192,0.08503573391511908,0.037708493903492124,-0.005425595408044487,0.04708828609173404,0.07169158435455608
2023-10-20,0.0821611081060787,0.021390559374119194,-0.14380336361571536,-0.00935804065959512,-0.13007028554460198,-0.07847680462848328,-0.06488985826962913
2023-10-21,-0.0277138341031192,-0.09452944989476449,0.07790169196581476,-0.06183420350272468,0.0901714163034097,0.06595325531454563,0.09814416197119127
2023-10-22,0.034418028507884,0.07958042094005266,0.04805090483321308,0.046214476911887674,0.02389843422159925,-0.07803158839710313,0.040976186600578564
2023-10-23,-0.1503639650308961,-0.11542308166608513,-0.05707232630041455,0.07698540522695885,-0.041767995821750566,0.09432355514784829,-0.12211386978886506
2023-10-24,0.2853527207915922,0.2680792461141912,-0.06659540048299276,-0.21484372265561016,-0.030579307736947812,-0.08193988042138255,-0.03532206647859403
2023-10-25,-0.209736932674838,-0.3804335613688868,0.10265980614592383,0.16771363102884007,0.06728293675141511,0.04823842555546983,0.11947152136763343
2023-10-26,-0.0119429265729069,0.28484803879851883,0.06953238612264942,0.022374158636813548,-0.04713085916980675,0.012694276291148244,0.0031228138515678266
2023-10-27,0.102473352917964,-0.047552775860030136,-0.23662208724832956,-0.0884537839167335,0.04947291377049572,-0.07390056379295001,-0.050182609497698955
2023-10-28,-0.0369191286037117,-0.09473229749854394,0.14814640853515373,0.032746017054101136,-0.07196057588148552,0.0534597512141505,0.01526202010030885
2023-10-29,-0.0459097428626896,0.05479140008842965,0.1084256444569415,-0.010175527039651081,-0.015449012549265688,-0.014907714469288855,-0.05586704562107133
2023-10-30,0.0108401875652833,0.01786752820539648,-0.22437167960233695,0.13120601170562857,0.2182753759654924,0.08585408887080086,0.03265076553999292
2023-10-31,0.2033615905873202,0.0743271560210146,0.03489625621023242,-0.372622233256862,-0.32904851721805073,-0.19358213232105925,-0.01236681401997814
2023-11-01,-0.3746496445313103,-0.32635755817574524,0.2215457619209149,0.3834299390551496,0.2898333567572387,0.1978215610921865,0.15884454757965286
2023-11-02,0.1961602637873904,0.46209470250334767,-0.1560898290109392,-0.06317810535736962,-0.155300875643469,-0.10421295888241844,-0.1832799476188834
2023-11-03,0.0899250183669831,-0.2811635004222632,-0.16800117708441092,-0.15870749419520824,-0.0422752707622239,0.023140078626479602,0.022976048010741094
2023-11-04,-0.027932510066321,0.02657136044532147,0.3013037192864803,0.053721491789945064,0.1269806602828626,-0.039110330971726816,0.005279131412373436
2023-11-05,-0.1926215722016399,-0.033811781054670996,-0.04957609738407404,0.10808965075769472,-0.03482852524880511,0.07389183759151259,0.06247151102225841
2023-11-06,0.0821118232493796,0.1591532820953427,-0.20808830346078414,0.030820953095302958,0.01354292521666408,0.05008347260488601,0.016279465881820544
2023-11-07,0.2824061552785682,-0.009401716727269908,0.07494041942599207,-0.42976215339889706,-0.1401329087674097,-0.263809143644185,-0.20206574146282552
2023-11-08,-0.3672815024578185,-0.3392322121156778,0.21406271288811343,0.550638742315722,0.15764386996902807,0.2526159938864541,0.24746341009052544
2023-11-09,0.1115029611503876,0.4543148640256032,-0.15848908463346487,-0.1852372194769506,-0.02455898166694887,-0.02240223282558833,-0.12365952127507743
2023-11-10,-0.017739896497757,-0.2755560060539922,-0.17573695493810437,-0.10787504151778336,-0.014252878349875117,-0.07417805754724514,0.0028842206491541994
2023-11-11,0.1307173514790395,0.13791628664706182,0.2942408582108606,-0.025422326289275404,-0.055664230820419165,-0.0039053685458920163,0.06108961515360229
2023-11-12,-0.1390606127965844,-0.16983423123152086,-0.05282152310373834,0.22617356184350274,0.07306397356758088,0.12149431788365384,-0.039272196119629836
2023-11-13,0.2322507403803011,0.28293104927513585,-0.246289613533256,-0.17685537725353434,-0.1586331415962149,-0.35199105843610445,-0.09886972570744658
2023-11-14,-0.3611882028588199,-0.4169022384457101,0.27364858884440324,-0.12663727676592534,0.30936780458110935,0.4554682730934765,0.16338895574212495
2023-11-15,0.0550338590174608,0.3948720136896379,0.013749712052017077,0.4250789112302614,-0.15317542600031253,-0.15504278892255666,-0.013016505661472801
2023-11-16,0.3521384502382202,-0.0424677375553224,-0.326263364577122,-0.35317244981688933,-0.1828367047292693,-0.16693781233882019,-0.17178932264797026
2023-11-17,-0.2651211713620602,-0.34778741096481014,0.31663011091319276,0.09488371609139087,0.20222810397673507,0.17747042011751457,0.19605429555590795
2023-11-18,-0.0656648192795359,0.32936685598230475,0.06507210368996422,-0.0444837961567153,0.0025918050835059057,-0.06309473254275344,-0.05166177611862205
2023-11-19,0.1121745285470993,-0.034793921704941104,-0.4223436025314406,0.1426853340470727,-0.03960688492417494,0.039093231131722014,-0.0720480456720211
2023-11-20,0.0541243534831028,-0.08208931947572987,0.34653398847161965,-0.2315692569585969,-0.14962710805677254,-0.09148748233173751,-0.013371472736475725
2023-11-21,0.0889048328995463,0.06777196380876495,-0.02539034153744162,0.05991004654483586,0.2398542846297722,-0.014423380693365505,0.05447038811355134
2023-11-22,-0.4820922389664685,-0.28172221531115693,-0.024929141904047082,0.3900518919821154,-0.00237011545249237,0.28031302556195525,0.1260880959204071
2023-11-23,0.4787703814182664,0.6219999773274448,-0.13516970822039265,-0.5384948272394577,-0.21753524133982596,-0.3178335336515019,-0.20310296467971278
2023-11-24,-0.0964033725792567,-0.6255450383920275,0.018407383119325042,0.24103182960265765,0.13279377699082226,0.09166355672967677,0.10382671322838223
2023-11-25,-0.1524020006244731,0.23557824006475372,0.3563057276600319,0.05168841989839162,0.049562107320999374,0.08791738123582447,-0.03072990442558655
2023-11-26,0.1892955218153815,0.15175082501081866,-0.45741622049788794,-0.09820597183827841,-0.14051761007478103,-0.13720191359027115,-0.03466793671802947
2023-11-27,-0.0728850077542676,-0.24534017441030123,0.05780672945416669,-0.12393134799039474,0.06563526249523775,0.09566870387433897,0.07778551173993184
2023-11-28,-0.1450285256429848,0.07301404233002905,0.42667516440449477,0.1981657131808375,0.21036105658756502,-0.010383902881798843,-0.03904158366384102
2023-11-29,0.2257911620865956,0.1778584611721921,-0.49013664283006386,0.19625910500740304,-0.42891258312212915,-0.07264713349266033,-0.0177236267961489
2023-11-30,-0.0684871444442476,-0.2640348373097067,0.1345719690232858,-0.48478628964283244,0.23944148976560556,0.08317608128879306,0.12020782722887545
2023-12-01,-0.1199834066554661,0.10195664932634375,0.23938364507487975,0.2646681705777677,0.10804496900808304,0.010529133799341549,-0.2584543168220481
2023-12-02,0.0767824258413912,0.08595670169708394,-0.2939368768499157,0.10278364884039339,-0.06616113831678623,-0.022447541617668525,0.25313122579623537
2023-12-03,0.1389387594885847,-0.04233594721163447,0.018076020316503943,-0.2589365812169532,-0.22266630893119724,-0.11820880770330891,-0.16600421581236283
2023-12-04,-0.2094953078711103,-0.162787051086912,0.26165021629674323,0.1248222603835719,0.17333598266045247,0.2555437455808651,0.14966658994176413
2023-12-05,0.0568995792928989,0.2442639582654169,-0.19807732549428247,0.026381746486413928,0.23274696382250662,-0.26926815913302093,-0.0670029693555827
2023-12-06,0.0737476690838768,-0.10908970543021179,-0.09846051946298584,0.05899397507962375,-0.40611374185904325,0.11888823647571793,-0.12551108674253675
2023-12-07,0.0082144509846604,-0.016069245786763994,0.20549220830049994,-0.20741374218971267,0.14209109584086482,0.015127724274856525,0.18842201543415807
2023-12-08,-0.2230279369154025,-0.08252920756829285,0.029383697030409408,0.2431512522778069,0.07630130291745434,0.05149625287427131,-0.05205326832938583
2023-12-09,0.2177894930790516,0.2688604278042508,-0.22974847712701346,-0.08051112180235333,0.001498641366002102,-0.10971618947176251,-0.035920356683987194
2023-12-10,-0.0126022864504416,-0.27018150926200657,0.10843123869746535,-0.1900414681436539,-0.09868861884833435,0.04712074902396745,-0.00936309099002999
2023-12-11,0.2249340438268287,0.23843775803984907,0.018068497719739878,0.07378289269783488,0.09593158457129142,-0.1476503767715986,-0.09843824459507501
2023-12-12,-0.593732812582841,-0.46665262863706064,0.09862914631835014,0.3269605338358013,-0.06367285321005989,0.2161077010909772,0.2739776031890199
2023-12-13,0.1990366703446627,0.6236852678874978,-0.0924166437827188,-0.26740557278243454,-0.01967044218809259,0.15210837254892348,-0.04134451610011748
2023-12-14,0.4585503374265809,-0.20604873877503932,-0.2672956975039711,-0.19463650717609893,0.0961155410112207,-0.4250331332359044,-0.32121714568937143
2023-12-15,-0.300259033543608,-0.36348542692173447,0.45271834591418303,0.36513267536592997,-0.10978044617448815,0.11490996950123232,0.20641628045232377
2023-12-16,-0.2544999484736387,0.31074430148205956,-0.009310032862675876,-0.06753675628461024,0.06528380217943032,0.1763193688418057,0.08993996233006592
2023-12-17,0.4097732471777286,0.22939997110990554,-0.6388354128649288,-0.26494404228041313,-0.07359021776857444,-0.10066678362953829,-0.17301982885450853
2023-12-18,-0.3811841251478031,-0.6078822752733877,0.7036493859732231,0.13956025587075999,0.20074276949921535,0.17240761283087822,0.20200160619626167
2023-12-19,0.4491380544350119,0.7047855435911186,-0.14247152557703896,0.16367224229967417,-0.12018520184639069,-0.5058339405064872,-0.2516757329105521
2023-12-20,-0.3993725224209993,-0.7098741768908673,-0.32976204136676474,0.018078054228731762,-0.2375760356571667,0.5432292811296081,0.22457983089022945
2023-12-21,0.0091711435604277,0.5097579606489026,0.41884009281828544,-0.32849973268057564,0.4202881705393157,-0.09479290357223469,-0.010785814945492802
2023-12-22,0.3739124650516424,-0.019861721868103203,-0.3676731003883979,0.14273649344767755,-0.27751156802932436,-0.22412057128500182,-0.17160720555489192
2023-12-23,-0.2688649089301207,-0.38835251426306233,0.2015731219857358,0.19467249497135813,0.008962413477097196,0.06888788376352757,0.0071621445081098255
2023-12-24,0.0777216887570047,0.41747811257636747,0.1521151945678522,-0.31718101315160807,0.13087024875244316,0.06396422231340351,0.11609461358905541
2023-12-25,-0.2506560630868943,-0.3220823317577149,-0.37226812035487217,0.2702771912449568,0.07174426986582837,-0.030564417876484635,0.08870557031613618
2023-12-26,0.4293975648123756,0.4333333310129372,0.1856087081799565,-0.21231445006988478,-0.3823283603187682,0.014223378284327433,-0.23988320139340466
2023-12-27,-0.4046878211213871,-0.6313938024852054,0.13825328410083043,0.37196616008299616,0.40361176507056573,0.21280556466127484,0.20241497568605865
2023-12-28,0.3417662495956041,0.675351542942275,-0.18285483583192705,-0.4142990648016738,-0.17100950567708365,-0.48812929463264043,-0.15872314571247914
2023-12-29,-0.210070536464592,-0.5510820829171013,-0.061223541052260515,-0.00048678788056930847,-0.04016318810307384,0.33106693640311585,0.1469977640878751
2023-12-30,0.0599403639352757,0.3516103375772083,0.21585557149971688,0.29113866786073567,0.015561235882439545,0.02038684894891212,-0.21761925582329641
2023-12-31,0.0117772246036654,-0.14354712793926122,-0.11720432060188969,-0.2748718363203804,0.1579486227902026,-0.09520047444472973,0.2804190261998732
2024-01-01,-0.2000152606468741,-0.08020690086132112,0.024508384789827697,0.4721669451421008,-0.13192606669445736,0.09007531675921251,-0.05243032191528085
2024-01-02,0.3682605131299623,0.3329945241660002,-0.01339703021656912,-0.7151371058545432,-0.07303955479564274,-0.3184753868985489,-0.21344658900963961
2024-01-03,-0.0715040079858489,-0.39099069306048967,-0.14934917010443646,0.5260760473003382,0.05843204490574952,0.4265220296602987,0.003562678161362465
2024-01-04,-0.4197519178979526,0.022790140681387617,0.4541961738006495,-0.03754566718279152,0.19922021801023854,-0.09583322198384307,0.3742479530026457
2024-01-05,0.5014357273920346,0.5080280707464553,-0.5349845571837301,-0.29539286418894467,-0.3887872593687326,-0.2483317378406919,-0.2859922974787491
2024-01-06,-0.2082260235858074,-0.6664677966876834,0.146091344245157,0.20091832336748772,0.26099367860140155,0.24111577320405617,-0.13899349014430665
2024-01-07,0.0833885293183539,0.44545726246915823,0.3581176764082391,-0.08998669155947069,-0.04147222749065522,-0.1869156476138071,0.21426415427434495
2024-01-08,-0.4046027958405086,-0.37415095477852595,-0.34525048214745147,0.468685611264968,0.3584999553401316,0.29817952168067674,0.15115856731352056
2024-01-09,0.7707463142087636,0.7176732461757661,-0.19270491857768035,-0.8593315275521949,-0.8339530930670913,-0.3556601586010115,-0.35003127609398055
2024-01-10,-0.8404494923189777,-1.1690281892656613,0.5680306437938293,0.673343233672747,0.5187986512403695,0.33786028834202575,0.34128458981724014
2024-01-11,0.54127818910641,1.2521727709320678,-0.2375429227402097,-0.15196525772373587,0.1930526748858376,-0.2853528743881858,-0.28822163474763823
2024-01-12,0.0617561680267881,-0.7723095884594886,-0.46562410279910915,-0.26974294596744763,-0.31453943693018444,0.06644778827664007,-0.17456076168038803
2024-01-13,-0.4155345194536476,0.024300963897423748,0.7520293567965872,0.3169912018715443,-0.03017833087497391,0.19194133570045058,0.6173456581245768
2024-01-14,0.3526405838158462,0.4973433221879389,-0.34484730845253275,-0.23720273914068887,0.20323693194177103,-0.3266756601960486,-0.28880199359157344
2024-01-15,-0.2455895861371671,-0.5825018479386986,-0.3205776637352089,0.5068094716115211,-0.24525902269072639,0.3091107078054006,-0.24750493966800471
2024-01-16,0.0741983242896885,0.3887831925117001,0.6896107936563679,-0.7665571722643546,0.39994634315252187,-0.07740621598823283,0.29385066440213675
2024-01-17,0.1053224764425063,-0.1232480153563203,-0.5785744204283428,0.5712635406712094,-0.408423362872952,-0.13610355633664128,-0.09137963412738044
2024-01-18,0.0214516255052333,-0.021685342676669443,0.1308128526800573,-0.16787759177843897,-0.04303428012393346,-0.009189034634232731,0.009734074160233941
2024-01-19,-0.2308070601819443,-0.0791489621377461,0.27465817393009767,-0.19296660656374284,0.4853378111194514,0.3116653462860499,-0.039536468766848284
2024-01-20,0.0845661312155282,0.21203375638971833,-0.2970462477802185,0.3570193189848872,-0.2969592684827129,-0.22079019664357447,-0.11259139707340067
2024-01-21,0.1729123529222038,-0.08761171307378258,0.027122696570275568,-0.37430240192286635,-0.0017348011127665552,-0.09813601467268557,0.42176860729636334
2024-01-22,-0.0660876980908952,-0.1075670235605395,0.15673320669531668,0.415312029118709,-0.23162093381324392,-0.14014515712431166,-0.44245526906625077
2024-01-23,-0.1817874540019002,0.0408464928315851,-0.024945005598189393,-0.3667790004313238,0.5386633863501784,0.5878451797683193,0.18655702861958998
2024-01-24,0.1546418138242878,0.1695267174195663,-0.20822846631280584,0.2911079106202718,-0.5113519953350601,-0.25417298194241456,-0.00786771760116853
2024-01-25,0.0524612607854885,-0.17214459521281109,0.13997819878075793,-0.3245083398587654,0.33187511397241215,-0.4032468869579053,-0.0750506066971284
2024-01-26,-0.2265149948343233,-0.07237669750827189,0.1951965637805989,0.23919154664867762,-0.07672336971771467,0.39139225590781385,0.06445166273808955
2024-01-27,0.2709893927235237,0.32176917603827615,-0.33020740939639986,0.02590425551096572,-0.1112799586942943,0.022014679955989356,0.08261297870795851
2024-01-28,-0.1292724067787306,-0.36856757819822566,0.06034362427328928,-0.2421696095209522,0.1039953972864391,-0.23571251697707973,-0.18394416420759627
2024-01-29,-0.1837387876927507,0.13373419284888488,0.34304976808808485,0.26453731253079543,-0.1175838550735106,0.399316938188583,0.15933374789644558
2024-01-30,0.4226251986821258,0.2768024797826387,-0.4767837180251137,-0.11943119412781444,0.14079605082366364,-0.59048467218092,-0.09400535121671436
2024-01-31,-0.228003402065694,-0.5005260305435526,0.17547567887437956,-0.051472985819249285,0.05086796235317954,0.4275758500702453,-0.009085465007137665
2024-02-01,-0.1502577266289576,0.29695570036770297,0.3196174906005948,0.025594786802588143,-0.30095872881372726,0.10382925867154559,0.047036126847904855
2024-02-02,0.1669079028107455,0.07032598343288693,-0.5186759183430709,0.19682235705142298,0.3449902239979888,-0.39392101354243225,0.08039500881397589
2024-02-03,0.015002032927787,-0.18349792973526563,0.22000034766060053,-0.24068464572063314,-0.18278043009815728,0.18702273454343626,-0.1624458726566512
2024-02-04,0.0409090268512603,0.09794229572750887,0.1806531549489873,-0.02078878217907304,0.07218909017897021,-0.0751817119152946,0.04644240824167542
2024-02-05,-0.1777326606299634,-0.11181422906072765,-0.2484093498514896,0.24950032759515803,-0.28367300314910604,0.29884257402480285,0.023185261886385963
2024-02-06,0.1181435692384012,0.2034610998649789,0.04934661422592334,-0.25727187630096116,0.6103369965279861,-0.4062203455161491,0.15428150439338206
2024-02-07,0.0167075989658548,-0.163748407981124,0.040569871944547024,0.06943085984283896,-0.7361198794471683,0.3080526301738594,-0.29537592415077224
2024-02-08,-0.145627967892712,-0.025152723548450644,0.11041985002014958,0.14832131409568547,0.5504266168986199,-0.174427698192175,0.275762002339584
2024-02-09,0.1963525923676075,0.20956940801487436,-0.18669495410370945,-0.09396721254803227,-0.05707210640211424,0.033434308901704256,-0.49704572640064093
2024-02-10,-0.1028270582715747,-0.262122556129428,0.01748553104550169,-0.10230839564409461,-0.29422630756206514,0.020295628816682936,0.6882903138410208
2024-02-11,0.0931835204211383,0.22039013733494436,0.148773280747917,-0.006605618245246852,0.2568826351513053,-0.062163343326246456,-0.19629795568928896
2024-02-12,-0.2087965126871384,-0.22464672668521452,-0.09710058465474301,0.32218621491540356,-0.14041242633793197,0.2844570371138565,-0.39585221915977764
2024-02-13,0.3164302027337489,0.35441693139419306,-0.09056249835035401,-0.4589895533441421,-0.03675135253053262,-0.4907648446042332,0.1952802357994643
2024-02-14,-0.3881675149448585,-0.5243154797013371,0.1990546586984592,0.29776223389579287,0.24740406097767995,0.3035673054340181,0.33446948682072036
2024-02-15,0.2105061469244019,0.5374565987911272,-0.05676227546863956,0.0768974967394631,-0.09166639385801179,0.19677798168747376,-0.4263135221877613
2024-02-16,0.175118703232525,-0.2538181809238518,-0.25528133612796955,-0.3102577908406279,-0.2675327334517481,-0.5074218277906002,0.2668335808067111
2024-02-17,-0.2951562216621502,-0.1622586150419152,0.3696373693754156,0.20814328332823887,0.21064490929679114,0.3554726450314494,-0.23575328898174708
2024-02-18,0.1093154037738626,0.34842227918808766,-0.09394348141243303,-0.14011380115348032,0.1072643791055204,-0.13750216431301004,0.22723602640761903
2024-02-19,-0.0193111723933347,-0.23740970122505478,-0.276830063364266,0.24787286571087858,-0.06722792465928001,0.3215023967315815,0.022813754053443054
2024-02-20,0.0785693833529346,0.11084226696886346,0.3696542627387957,-0.3210772498116019,-0.18501096411511186,-0.636465522919971,-0.30886938148182286
2024-02-21,-0.016603386074275,-0.0717942657797796,-0.17722709985976923,0.26962636839601156,0.1460289379792395,0.6579616898980567,0.21808498066900023
2024-02-22,-0.0727865905222612,0.014646515767365394,-0.040962393037674474,-0.034909698416462936,0.06518411306524033,-0.3808369803923555,-0.07806698820860372
2024-02-23,0.0149133734832226,0.048798069289971685,0.08957691363995637,-0.23242534902207587,-0.18790848055771978,-0.052273419228433406,0.24428067567102543
2024-02-24,-0.027432482210642,-0.06192406111880546,-0.03111049220798844,0.2727673432514258,0.2421373929116661,0.3413188416488262,-0.33678919398235724
2024-02-25,0.1596402285969403,0.1092975889098624,-0.016606930650559924,-0.20339745953010083,-0.17790185908303824,-0.37345037220986527,0.2092078269030491
2024-02-26,-0.2542889474535527,-0.2541986936116007,0.07330017746789448,0.24721941991819296,-0.06744068709188501,0.3449572487618445,-0.10043529840465569
2024-02-27,0.2495587856488375,0.3852325492431181,-0.09385244649715348,-0.34301061055318066,0.2915539188415478,-0.21042664361274846,0.027338073187181882
2024-02-28,-0.0762862493609595,-0.34099375998078385,-0.03756879337895674,0.25214759865028497,-0.2053131677390094,-0.033800419511774094,-0.061892588347916506
2024-02-29,-0.0928684074462399,0.13364749217895988,0.2168950343260397,-0.014322648345707914,-0.06997035334212927,0.03684526803512524,0.14147768496536023
2024-03-01,-0.076744778589626,-0.0160287556479096,-0.1240477775643639,-0.0647801646192088,0.1998699745026655,0.2339603623852189,0.14675507726717857
2024-03-02,0.2979343954966976,0.1584291221719442,-0.1738700393196402,0.0276570809388211,-0.15144950646899655,-0.25570624641646983,-0.4895833659143336
2024-03-03,-0.0922367484500148,-0.28988622769880296,0.2415924353641679,-0.12354644897583268,0.08893807686503655,-0.0740755186280871,0.1462633977383101
2024-03-04,-0.3124212968832857,0.05592413671431975,0.07814438099407192,0.34011312493213297,-0.01699154813476032,0.2405505379804472,0.5051677868882876
2024-03-05,0.6671616634470864,0.5101351469443741,-0.49618043616925994,-0.5420369498821428,-0.1914187961784931,-0.2663085987900845,-0.7266063236305099
2024-03-06,-0.851835609544294,-1.0566329369820355,0.5288699969673515,0.47887457501369923,0.40087796540404186,0.4007683954184453,0.5302859234129486
2024-03-07,0.5691450001443841,1.2205237891922132,-0.01817736197740616,-0.17612273254621771,-0.3951347699909174,-0.39073016217928197,-0.30750794710250207
2024-03-08,-0.0326005286589327,-0.8460276412418167,-0.6073849695451121,0.061417492775266265,0.19004472836962508,0.20230947997277218,0.36147803742504797
2024-03-09,-0.2503297426409113,0.1884587709069719,0.7698728980633455,-0.07080611929766623,0.02023007811217812,-0.06362610269311282,-0.5713184704881855
2024-03-10,0.3156757359358014,0.31690077900885993,-0.393921937983533,-0.17421844038874248,-0.04552315162954224,-0.09359481716372527,0.6123343060128299
2024-03-11,-0.466012544422687,-0.5856944640682085,-0.09311929952322653,0.5789870103273774,0.0022774669390751238,0.4343091078531777,-0.26519874188499987
2024-03-12,0.5908414606671053,0.786929754827311,0.32685082741764476,-0.8852290777463081,0.035639982655078936,-0.6968122659484908,-0.3057796827269738
2024-03-13,-0.4717889249947407,-0.8877531967221123,-0.2851074344411593,0.8643712541788003,-0.13628141882795172,0.4724945717841246,0.519231916130591
2024-03-14,0.2158128169460662,0.7396080130349801,0.23978376613608035,-0.45379660878384337,0.07887198813075896,-0.02040655012298719,-0.3186397429321715
2024-03-15,-0.019545794078017,-0.401679769624687,-0.2775158987456928,0.0722996097953044,0.15627956782608918,-0.11736462559222575,0.11752638990579836
2024-03-16,0.1485030890695581,0.20254919194776186,0.09727268469320384,-0.054659630192287534,-0.2994495683352332,-0.10558166063349483,-0.07874112434567575
2024-03-17,-0.5342285318990218,-0.3875014835265375,0.34907222903370694,0.08984673958718867,0.3308026096675113,0.3076138554415691,0.2063173768170972
2024-03-18,0.5665232234262729,0.73384116101042,-0.5671519761036307,0.21073223650068965,-0.3057754223374954,-0.2242939562847149,-0.35948701223288365
2024-03-19,0.0212961013738959,-0.6513194973384997,0.12821011003747296,-0.7719372676740166,0.12555762364488204,-0.0976134422837361,0.2129298672720377
2024-03-20,-0.7185568227570944,-0.092008370354475,0.6160686227481019,1.1268698997612865,0.22842531311631148,0.4345168793297301,0.2607069510659137
2024-03-21,0.7862812645271402,0.9068262925340007,-0.7727605340139331,-0.8339575768557986,-0.3662562818957239,-0.3818699005805706,-0.49519179608850744
2024-03-22,-0.2317693227359561,-1.0274926655941887,0.021776178677921577,0.14401642551447277,0.11546333778878048,-0.01027433668332894,0.16029559597017468
2024-03-23,-0.1720911419339376,0.47714904113072826,0.8655264198246975,0.11179978148187265,0.029369439020602812,0.197142286308804,0.21573850651980586
2024-03-24,0.0739994710432298,0.035094229041441626,-0.8817249158595347,0.17034183429194708,0.13867185450795,-0.12185975411297784,-0.16173274884070007
2024-03-25,0.0945734772933655,-0.09049260227735129,0.10622153073283,-0.19703898232990777,-0.3140193330552099,0.09362401533205077,-0.09583160809150931
2024-03-26,-0.0725063539731762,-0.06314048268147616,0.526968267179152,-0.2891649195145128,0.31204735619863216,-0.1802874485878913,0.26617720166737735
2024-03-27,0.1067061904138689,0.15390628479390342,-0.5092224583407622,0.6954281183814758,-0.1625927448975887,0.2088948147582787,-0.3441888652862603
2024-03-28,-0.1829719567568647,-0.20471010306625406,0.1422672696005369,-0.5715286069572093,0.022352270884846686,-0.031660280555896494,0.2587871589101996
2024-03-29,0.0516918112951171,0.2067946172038643,0.1146222236482281,0.14620345346903513,-0.09339034188400205,-0.16985603830541876,0.11147268897628848
2024-03-30,0.168545137809541,-0.04267820720710009,-0.1954590497117878,-0.0406788957305113,0.20154092591132697,0.11652150123343148,-0.46015673295972914
2024-03-31,-0.2784198466690614,-0.23163734720378928,0.21621850730753506,0.36456857139942334,-0.007553699889248142,0.09901430331101488,0.3036935781832585
2024-04-01,0.2685126501326191,0.41607440071425666,-0.13003545872178834,-0.4945075780064804,-0.34288757105438883,-0.1677153250648121,0.0770000684703437
2024-04-02,-0.05343964327715,-0.3545812258810927,-0.14747800864200455,0.06532642521844896,0.6167889907942299,-0.009312127228586943,-0.13966205468404305
2024-04-03,-0.172003244251951,0.08698744091718544,0.3744894100332675,0.38625557148877687,-0.746344351766683,0.10584665316071337,-0.011854403206322086
2024-04-04,0.0320994436655459,0.10598886206900165,-0.2313117536795381,-0.300497635647734,0.5664998547866836,0.04330718262922876,0.12066439925296632
2024-04-05,0.2127555818190507,-0.0007691957599514515,-0.15295972061417695,-0.018970731286393344,-0.14855477657462726,-0.14550103112795748,-0.16728084944011004
2024-04-06,-0.2041583451012293,-0.23340590946880851,0.3644131445791175,0.07254057036962092,-0.14557055425957122,0.15381519617881462,0.14121924475987252
2024-04-07,0.0829198987776635,0.2924638903205252,-0.20132139378379382,0.1143889814440926,0.24887482672340785,-0.19303895069351784,-0.06146030236336396
2024-04-08,-0.110613217880306,-0.21947376007957517,-0.06818823843249508,-0.182677218277949,-0.35273599428355096,0.2850373760168817,0.1109738374280419
2024-04-09,0.2830943630043576,0.2650939736702924,0.0943189307976724,-0.06363452625462007,0.38681959210728883,-0.37106678464476955,-0.21829867166680705
2024-04-10,-0.3109326109388411,-0.41065105045869227,0.07700009937696925,0.21601117939450531,-0.2654678481756682,0.23162297129153653,0.11371520571642375
2024-04-11,0.036582899201503,0.3775786446973582,-0.04944750005620594,0.05539689340236208,0.15627317654378647,0.07398275710381846,0.05487952985431275
2024-04-12,0.3415802848992755,-0.009285062497222982,-0.2608701564796645,-0.34283965994091314,-0.16770912354748255,-0.1614028983014441,-0.10440947685017384
2024-04-13,-0.2413629943936216,-0.3378948471236189,0.29425885262832474,0.17193322211594336,0.25786858124288325,-0.08638387273603636,-0.0991781843455551
2024-04-14,-0.3729291587788023,0.1486150194965352,0.2134402156032991,0.27058592679358273,-0.3304535401024411,0.30765479630325754,0.498041949870688
2024-04-15,0.5717902325794045,0.42438855962264893,-0.6655219802228535,-0.3439142073442591,0.2674926699753948,-0.11175620544841713,-0.4084465148609297
2024-04-16,-0.2163105317703481,-0.6941414545079052,0.43595253927773775,-0.06349966399304471,0.11202123264496226,-0.38659806673539604,-0.1830599382492701
2024-04-17,0.0747827160203167,0.4830483167264572,0.20743530842081262,0.2699468650485569,-0.6868787691452032,0.6200721376830433,0.35900158396476806
2024-04-18,-0.1932171186921284,-0.2630345750990146,-0.4842726110338177,0.05211947224571749,0.7868910557626991,-0.32815526470400297,0.003616379701229077
2024-04-19,0.1772078574430649,0.262170982513574,0.1903168582171909,-0.4364954980680549,-0.2648172073133142,-0.08399843196725838,-0.2504689283469065
2024-04-20,-0.1977209130584835,-0.3229784872908953,0.23613952224702336,0.37179696005474644,-0.08242579075075662,0.3240551670649394,0.22711043907583892
2024-04-21,0.3702834079822126,0.41843370957528914,-0.3391907355230556,0.03481357938946044,-0.09491697479011243,-0.48654427770069697,-0.2190338586293691
2024-04-22,-0.4156637091591618,-0.5693998259460669,0.18971565239055738,-0.13704421956461554,0.26197625975980804,0.6316815412658676,0.21254540581457404
2024-04-23,0.319072917343342,0.6403457321167658,-0.0549363254487018,-0.15413043391662817,-0.1815264988830092,-0.661804210100385,-0.1435427510566315
2024-04-24,-0.0960625349375075,-0.4823217728025351,-0.11422993497978738,0.15768517094630619,0.10749191201678358,0.422271480718481,0.09233000175827878
2024-04-25,-0.1491287088272103,0.15406953293224854,0.2744104469653382,0.18828916407574425,-0.09044968569054761,-0.0737806494995335,-0.08357234729661996
2024-04-26,0.1571735446408422,0.13306865006982194,-0.19948762953133758,-0.3796670812513853,0.007838298624859512,-0.0765864593007242,0.16834516948077147
2024-04-27,-0.0960333653512075,-0.23379643549589968,-0.07610765059054675,0.3110801206664053,0.16905698138624164,-0.06198040948882646,-0.21271237260514578
2024-04-28,0.1106155546309757,0.20444456051412951,0.2653186562317762,-0.11694662982081215,-0.3335027304951354,0.3494632429100609,0.025678884113426368
2024-04-29,-0.0828866152948747,-0.16776048633670798,-0.23450965819619998,0.030355983097008935,0.33166769742787094,-0.3929393479251641,0.16035271786311295
2024-04-30,0.1111544630190373,0.17159927393034047,0.06298667998804088,-0.16360633524615223,-0.1192241796257145,-0.07738688584087966,-0.05850292682391563
2024-05-01,-0.2088222181340693,-0.22651318609179807,0.10101032909131658,0.12981545992363946,-0.04980672891491695,0.680777895211827,-0.08535472490225257
2024-05-02,0.1474541797730779,0.27626551124912296,-0.09447449062999864,0.1327324853674525,-0.05777642545257121,-0.7037752431522694,-0.004979134534267753
2024-05-03,-0.0356891508356699,-0.22695542352490897,-0.01126242884658286,-0.18510408662241357,0.22195920642318429,0.21354218256655527,0.23680706163790524
2024-05-04,0.0669124679271745,0.1357517140173274,0.057543938359416694,0.1375476191740653,-0.2306279282426835,0.08457271192170995,-0.5872462138413004
2024-05-05,-0.0726222931228268,-0.10139126082534247,-0.025570568870630313,-0.23575711564324295,0.14290294231274064,-0.02387719278433994,0.8083768717096692
2024-05-06,0.0033545298322924,0.08609192329254556,-0.03364737380933785,0.2737321854824781,-0.14039357292325041,-0.05794022815852004,-0.5349102542879157
2024-05-07,0.0856867798619178,0.00459678709641057,0.0187481081566013,-0.2868350199542956,0.2429339497039838,-0.00398027152367707,0.008426983376745682
2024-05-08,-0.2011175557066875,-0.16040764107281583,0.0735021523971509,0.2941396152655111,-0.193091351906286,0.04510729796035157,0.2776372653851001
2024-05-09,0.1170390599183431,0.24204657384169437,-0.04099778418963273,-0.08211981464555461,-0.035619477383182094,0.06316537807684705,-0.2495536766341322
2024-05-10,0.1585397730281275,-0.10169843978670133,-0.17211703966577477,-0.13536048765359426,0.24557295167468102,-0.13405004835780898,0.23999979405624972
2024-05-11,-0.2005924529333229,-0.1505821461177832,0.277144048679727,0.1017483435792857,-0.13176379662200885,-0.011917391707174808,-0.39604806877757626
2024-05-12,0.005686213380417,0.22187596159087283,-0.08681826777610328,-0.010360853432296554,-0.3217223802613239,0.22487270080255076,0.4832803359217951
2024-05-13,0.0739997888159306,-0.06952806946988337,-0.19182604897471736,0.004648020070603597,0.46411641580999263,-0.26856083955627463,-0.27889789251225305
2024-05-14,0.0473591138361508,-0.022577492721706893,0.22191152917059398,-0.1413568105894391,-0.20204321392692196,0.021908600904086077,-0.10105299987223598
2024-05-15,-0.2392978787045573,-0.11742717424594487,0.052658576727536065,0.36656431418014557,0.1545043764841695,0.2807974471267796,0.132723210476759
2024-05-16,0.2854555591237766,0.33529723109642334,-0.2730648501553865,-0.2988438968779346,-0.2864102829010565,-0.2084665412065033,0.2622688217783914
2024-05-17,-0.223517586710906,-0.43384626515010355,0.17925686329376328,0.017511808707931443,0.25502083767137695,-0.020905370740717143,-0.35497635768991465
2024-05-18,0.2196324456060509,0.41419056440508245,0.05850405995414227,-0.003085047769863465,-0.26837042569161945,0.018465031764115746,-0.17052253969717418
2024-05-19,-0.0405750231847487,-0.2861743630968272,-0.21925445539607102,0.05376290621199653,0.33896379137100124,-0.035773987417971935,0.671598030074823
2024-05-20,-0.3658555997220525,-0.04754000217905875,0.31179635136779954,0.12567113806490487,-0.20098548854429593,0.31263532336900113,-0.5435392140666429
2024-05-21,0.5031155706400336,0.48833850838042686,-0.27693863910773014,-0.32453424375185014,0.06176223777356542,-0.5321600021244257,0.054281230548693694
2024-05-22,-0.2213506426915555,-0.6464038677952568,-0.010294859944439084,0.38033834909033665,-0.004090618383847722,0.37426341809980196,0.14308276196427613
2024-05-23,0.0267142936459109,0.4259004714712114,0.3599373405401184,-0.2735182294517145,-0.13261523000942735,-0.04066069202372884,0.006312391022719772
2024-05-24,-0.0733902313270603,-0.1709315509273307,-0.43157735404436354,0.10839238715724857,0.18809509630486493,-0.22130507111762496,-0.07013268892365372
2024-05-25,0.0363141787443729,0.08279699381417052,0.15920796341590712,-0.06590143811073243,-0.12130053963834674,0.1673383763479304,0.006060224260891276
2024-05-26,0.0701791938557647,-0.026232920025042343,0.1355435285702219,-0.009289675280510794,0.06648011649263648,0.24426315310825913,-0.08308446087822384
2024-05-27,-0.1402834022977136,-0.10124039605118901,-0.13891111076986445,0.2846345053501834,-0.0022210479778414977,-0.35753671781303764,0.1958747313027809
2024-05-28,0.1981895266604309,0.2346700406496873,-0.008176862269310628,-0.47264552618334016,0.012794097352487538,0.04704203853644446,-0.10854826567098086
2024-05-29,-0.1391334159811936,-0.2793957488698204,0.004863612437557615,0.3475722927320731,-0.1450614140382004,0.022534651711731604,-0.09844169730185308
2024-05-30,0.0237286551678586,0.21005111753534475,0.12516059348397165,-0.1800367963865665,0.1477930978521058,0.1392796941214684,0.25250471523458573
2024-05-31,-0.0116376258727063,-0.09420662355859237,-0.15250039537528132,0.17376355054638196,-0.0483323651442222,-0.12584950519199492,-0.2749434898567683
2024-06-01,0.0174921932354361,0.029530460016558225,0.053423211902963626,-0.1491759962205258,0.07287225379209966,0.1367611531540812,0.0745290820836579
2024-06-02,0.0500867948726104,0.008237887846923428,0.031233617169141723,-0.052373277568866144,-0.09108397792960789,-0.3196935360988045,0.11267519396506535
2024-06-03,-0.1296166463063247,-0.09184048330965644,-0.030505626834590134,0.3527504134845765,0.025895010295345144,0.4072523202338193,0.05068995855089358
2024-06-04,0.1159351056124245,0.17438530924071047,0.0028817581698596696,-0.45874096477762544,0.07261106414007654,-0.31973009839142563,-0.25289445955323797
2024-06-05,-0.0250209721024669,-0.15885795158123217,-0.03516403052432097,0.22498981292068942,-0.18841808940162585,0.08297740429603506,0.18507620389839827
2024-06-06,-0.0204885514314463,0.06686397455312873,0.10742020435456157,-0.02070436720897757,0.11550802882390283,0.13788870642387124,-0.03868671519841026
2024-06-07,0.036832942278801,0.020233216078532144,-0.1085331029158394,0.028321474720344998,0.11627581186943663,-0.152541538767998,0.024749310729063608
2024-06-08,-0.0012064959702901,-0.03606772473752976,-0.007470130838807821,-0.030834286011519003,-0.1734022396710818,0.08239289065949039,-0.20893376117927948
2024-06-09,-0.1483202613435097,-0.05661784056565866,0.15375940819195352,0.0007643069651379756,0.07944085485335758,0.005392714953608818,0.37283316087979496
2024-06-10,0.1994119133614024,0.20367601726642715,-0.1829216957724715,0.06594841404330899,-0.0391324122031816,-0.07178496129370934,-0.1758386443290248
2024-06-11,0.015284676842547,-0.20443524029630605,0.006402188777403402,-0.19233355669892702,0.0544608271997025,-0.08047553076446426,-0.29455229809335554
2024-06-12,-0.3187156510721491,-0.07159713041877051,0.27077115237946764,0.2462465378809997,-0.08041462029064746,0.3552944473762057,0.3724000580124353
2024-06-13,0.4314686426035886,0.4482206921550026,-0.3699860447616458,-0.20969920474889928,0.05852112404908781,-0.38426678383377266,0.1247457480807152
2024-06-14,-0.2440941145747491,-0.584997297429998,0.10916437237557669,0.09978535740858172,-0.08785358927514654,0.17831661503823354,-0.42999381903650147
2024-06-15,-0.0377747031799991,0.37073632972968545,0.319477788385727,0.009968875831431342,0.21325497040387742,-0.027380659298877365,0.273387390008742
2024-06-16,0.0649425646733509,-0.06728328076578906,-0.43823833902124437,0.04507861748855334,-0.06055269268938558,0.018058744384560243,-0.15087765107128445
2024-06-17,0.1176164949910037,-0.002619074134684941,0.10674857969139649,-0.1288297088873993,-0.39008631944477906,-0.08069549441658419,0.16412917053980058
2024-06-18,-0.0910791305291472,-0.09312461180867253,0.23541672210796905,-0.0270024663882144,0.49808034294840897,-0.0035652274782922815,-0.11750896676707626
2024-06-19,-0.1310774895623732,0.055362323859436874,-0.20392643166654317,0.2991729212715725,-0.13869935299614922,0.23436376949858934,0.13510408985734157
2024-06-20,0.1476954113370197,0.11848154688483689,-0.029069366908413958,-0.36243751279653696,-0.04563026842427828,-0.1829663069222509,-0.253902749464485
2024-06-21,0.0423499436732226,-0.14631314537125234,0.0630604759975737,0.1298208529852573,-0.08061366707266729,-0.15043508464041502,0.2748490845929401
2024-06-22,-0.1942940485161137,-0.052428003432526085,0.15385684444827288,0.12190993009968486,0.12043656828761919,0.27843878127323296,-0.17180070233165043
2024-06-23,0.2260888800523535,0.27136566505010606,-0.2749003540496469,-0.07846575330350342,-0.055448523016249085,-0.14448467611016996,-0.04374425024004785
2024-06-24,-0.1147049692261567,-0.3137678339591734,0.0732292353344344,-0.1304769434819658,-0.05229725226702975,0.010083283750922564,0.1890672918510534
2024-06-25,-0.103725909324838,0.14194089172640212,0.255158796885677,0.10604750178617481,0.22408270857819165,0.03164062129549183,-0.06635035079484945
2024-06-26,0.257931787395562,0.1447048778646743,-0.36116316364472995,0.13181163505593124,-0.27196009969886964,0.024077341373845065,-0.07579851698295478
2024-06-27,-0.2468836320274187,-0.356803379515689,0.17964348267359,-0.20830409444024217,0.17587545856483663,-0.0684647490775153,0.07288486116848233
2024-06-28,0.1789590073538373,0.3947072093837134,0.08591041090217584,0.010550614786768978,-0.11583477592392764,0.06317109521958023,-0.04955569212280646
2024-06-29,-0.0859737649971351,-0.2941821657975213,-0.2560630256496393,0.19707380109797093,0.05087024518047941,-0.11734552478377058,-0.04764617361017252
2024-06-30,-0.0371263839144984,0.13241712569035408,0.25124601291755994,-0.17358386313822322,0.06760109404716877,0.05017612005734502,0.19087034385930024
2024-07-01,0.0402059060441279,0.0016187651032877972,-0.09211508494049539,-0.0016162188000434959,-0.12143296902934646,0.26602854860479686,-0.13913909322871754
2024-07-02,-0.066054465338982,-0.08058651804961442,-0.039963789603556545,0.15214824880484168,0.12366458336263964,-0.3501461416403985,0.07386380188671689
2024-07-03,0.1789299673141405,0.1586761047047601,0.06611097656532734,-0.19886924823744934,-0.11652764230182441,0.05038304663186463,-0.1737353047984601
2024-07-04,0.068081812162714,-0.12043195043030704,-0.1536446973616706,0.06106299319559922,-0.034587926861751835,-0.049995936652208486,0.05895176519264531
2024-07-05,-0.3530970176643865,-0.13592529561783823,0.26335476287752013,0.0258556798680464,0.19747402770286576,0.2706069173545499,0.1563857321727939
2024-07-06,-0.015746459670685,0.2674234757921901,-0.09908916766586585,0.1692289154344033,-0.01306776770193097,-0.01965449193774365,-0.0703701042156333
2024-07-07,0.5807185617738706,0.12821206878323863,-0.35209564263930077,-0.37725702324248495,-0.37333300345489717,-0.4163322298103971,-0.09321685378168379
2024-07-08,-0.71054989510273,-0.7705785733997228,0.6298067982509677,0.37991750007662045,0.48857733185095586,0.5578675355040738,0.23412444692878506
2024-07-09,0.4613572167624442,1.0237723111699388,-0.3062455801691348,-0.12579721834274626,-0.20672412323210648,-0.4461910373606719,-0.38850756219278393
2024-07-10,-0.1585393177004207,-0.7645855469700775,-0.3665766875844687,-0.18239488900660775,-0.18447599839900644,0.2035246326039856,0.2947987759020317
2024-07-11,0.0696611062494257,0.3837572809876448,0.648519383801122,0.04761767471475716,0.3257566957016563,-0.05753265722280083,-0.03369090871964767
2024-07-12,-0.1352194890338558,-0.19950368687462597,-0.25069870883931406,0.218260230573362,-0.1368390951374915,0.09502136670317794,-0.08059506227509222
2024-07-13,0.051823782866031,0.15516244080189284,-0.21272085327871856,0.030436288378693287,-0.06551101933448739,-0.052198586815753845,0.045755290935746866
2024-07-14,0.2245783083399617,0.011059614550981657,0.2075043156116004,-0.49536572648641775,-0.04843741481642773,-0.17262464501080113,0.034439518600567896
2024-07-15,-0.3664555607668723,-0.3152400597286328,0.03658825242244431,0.6532896856965507,0.27483064029299975,0.3268203540469585,-0.07906043366577571
2024-07-16,0.2704333250699065,0.50601219591494,-0.08673874064382207,-0.419500236976718,-0.21022811451773213,-0.2629505955292995,0.07851435287569551
2024-07-17,-0.1206407599315632,-0.4364269930089188,-0.1350456957043611,0.0755762758729266,-0.043467176168297816,0.10305951470433036,-0.09909188415181515
2024-07-18,0.0937580705779338,0.2712834574468153,0.2821296058657193,-0.1303445813012107,0.09470867125421308,-0.05051416187665129,-0.03306259847372994
2024-07-19,-0.2217970369650925,-0.24102490671469856,-0.10876148420268013,0.387685730554049,0.10362016631652446,0.1157480465852628,0.37976831076430934
2024-07-20,0.2597761131244736,0.3342119717541267,-0.1574555537872602,-0.15530113184926397,-0.2917566336237509,-0.1644647035436189,-0.5095649795354057
2024-07-21,-0.2003591254947314,-0.39530851333302736,0.22072683836628876,-0.3628752337091749,0.34847857439349134,0.23980702991400252,0.2918550868288541
2024-07-22,0.2464102039837832,0.3989768034587926,-0.10330554143737958,0.506797817870457,-0.28371127049377964,-0.30843768227560114,-0.1879443705374845
2024-07-23,-0.1911171239751447,-0.3703004948479133,-0.02737486129210332,-0.3367996293507242,0.04064884022718729,0.10566138533513982,0.209378282022862
2024-07-24,-0.0192691848233564,0.24816679582855658,0.10234880936885604,0.1763712044640203,0.2213764212832236,0.26590792124359175,-0.051047192364270105
2024-07-25,0.1549345384113553,-0.005732114558461815,-0.13480900399176854,-0.1779259720650372,-0.28215465015863156,-0.43106363848050505,-0.15862261991899196
2024-07-26,-0.302608380734346,-0.271781991511781,0.14864749720048007,0.3734102950220041,0.2827639834730608,0.36856627008027243,0.32637868343052223
2024-07-27,0.3463155474497054,0.4657328313964536,-0.0521681291952048,-0.37798981013893396,-0.2286351737740671,-0.18797201612869566,-0.39320897807447547
2024-07-28,-0.0861658839305663,-0.4369724207037179,-0.19389279563784007,0.06390634295330656,0.028477875404453512,0.021480318891950973,0.20365902089224108
2024-07-29,-0.1205846195927815,0.17627956060362068,0.37061706824210516,0.0792112744669268,0.05433516750151629,-0.038379689866685586,0.014477077617934767
2024-07-30,0.051426155460614,0.06404917102499101,-0.2589876092302063,-0.033955958670064276,-0.05523355174799946,0.053133496517637525,-0.02387626972096022
2024-07-31,0.082232089753233,-0.05478182761881925,-0.05916483038433168,0.036164227716347995,0.10899786299846341,0.045618450747974375,-0.0432046436722903
2024-08-01,-0.1995996896738028,-0.1322977092900805,0.33843310618834843,-0.059528650764126674,0.16032176120718242,0.012064685122235644,0.034366286943291545
2024-08-02,0.351485895218102,0.3606306220496646,-0.3861551775396182,0.15471284576501887,-0.4943357583413003,-0.2573654242300318,-0.00978292248415462
2024-08-03,-0.4634230189717376,-0.5823334486864437,0.21287653836066792,-0.150656158802526,0.22259117061262118,0.4431348521339438,0.1367784023107651
2024-08-04,0.4078608312892117,0.7090170743952732,0.003694912424839197,-0.03494097250530087,0.30846951307147913,-0.42455529945129583,-0.26054292098920656
2024-08-05,-0.0221004052105905,-0.5291753874515802,-0.2631532078849515,-0.03449701639331595,-0.5944604145666659,0.09169535624407608,0.02357219908899893
2024-08-06,-0.5076245719873955,-0.035716442312665506,0.5320294653860175,0.3127514362711272,0.620478203948627,0.4070943576051885,0.35532334658994286
2024-08-07,0.6457933946006302,0.6681729547837834,-0.49963840403730414,-0.3637127434573917,-0.43617636878130145,-0.6091510054212883,-0.48363485004525864
2024-08-08,-0.5337110740192458,-0.978786371799182,0.09518860718481162,0.31908129841513505,0.31983339803659994,0.5294297271320875,0.49358725831300154
2024-08-09,0.4554742047594398,0.9343530933033476,0.3740492820812844,-0.3096125973629094,-0.35682942247319754,-0.43161345561428915,-0.42290569669853684
2024-08-10,-0.2309872062256052,-0.706227066422807,-0.5521053212748104,0.2543329717856674,0.1851101596174929,0.2197006393791505,0.11317862749631534
2024-08-11,0.1376967309975818,0.4651704904765752,0.3201996484850665,-0.30667284073859435,0.1275432258362025,-0.06361239111742795,0.17015283503356096
2024-08-12,-0.3303352127795168,-0.38442536914715597,0.10214951072844274,0.24018227900752517,-0.18582225597827806,0.18319646940702772,-0.1965503661373499
2024-08-13,0.308029468550556,0.45579362193384687,-0.3203194197866999,0.175659260766772,0.10414581409859223,-0.14745020346659243,0.11903751132009835
2024-08-14,-0.0396521335657029,-0.40127063820880055,0.19748575787209052,-0.47383752462420503,-0.08062603579918169,-0.11520847702332093,-0.04315637384455572
2024-08-15,-0.000812575837885,0.1868012222775483,-0.001483667700186127,0.4766567932628734,0.06364783945361413,-0.04772809175384428,0.014463056920269987
2024-08-16,-0.1588385672820686,-0.10207103127906485,-0.02026846841716013,-0.42395866500449125,-0.08935512238118817,0.3650329677095314,-0.05578757293697893
2024-08-17,0.114678816069464,0.1671492677321542,-0.09888839767924253,0.34742366734460944,0.13199165107337932,-0.048759510290985596,0.047020785682891246
2024-08-18,0.0920851277319122,-0.11254214065833083,0.12593467847617662,-0.3549920608069531,-0.17904777169312036,-0.5128012200948138,0.010835823514379
2024-08-19,-0.1178892722057285,-0.06381603400636815,0.010856334468432873,0.2992787724382768,0.2695172544766634,0.6235500520836488,-0.003265204597868822
2024-08-20,0.0195123717595115,0.138302333647899,-0.06974808636308215,0.041638952052879985,-0.22805043886442083,-0.37006698871872507,-0.09622699209209225
2024-08-21,-0.1074030232995347,-0.1298966115204675,-0.011876199456452201,-0.2584045972631699,0.09545544317339039,0.19329106618031064,0.2774807238028394
2024-08-22,0.2513895208031467,0.213549694020225,0.042252484477429735,0.15692307403939548,-0.029941369647949606,-0.21797433807063907,-0.3579995034488004
2024-08-23,-0.2208385912825881,-0.3407799410398167,0.035122930628750854,-0.020062879519628395,-0.12239739529162712,0.25457740414030294,0.19558070808356334
2024-08-24,0.1148682650812588,0.34041744127621676,-0.027759291054586237,-0.015321894055545751,0.23139129740612227,-0.12683838139704728,0.07324767782021528
2024-08-25,-0.0093654807477929,-0.19742069801045717,-0.11163002676506355,-0.1319408667129542,-0.058439031807241366,-0.15637914070685485,-0.29102057074014603
2024-08-26,0.0204371253775651,0.07686368879247972,0.13564031764466183,0.2450365132715091,-0.14858475262581003,0.271948436830849,0.2874565119280716
2024-08-27,-0.0463405199335301,-0.04251883347732618,-0.002819394707828511,-0.1525290399029259,0.09693535499842143,-0.19757537599374367,-0.15162977078502066
2024-08-28,-0.088740735992508,-0.0036087107650548712,-0.07947536091757487,0.13887140986369348,0.10923452134837457,0.16970319357646393,0.08342309736295425
2024-08-29,0.0548605508158504,0.06487763851703664,0.07272625368342449,-0.20180788735928884,-0.20170373185591112,-0.12412754771929378,0.01867533742867723
2024-08-30,0.1704402007308803,0.005108267850082954,-0.10964213488506212,0.15342174516107768,0.2177804738885741,0.08025626479276789,-0.09306620554847579
2024-08-31,-0.2133625692985318,-0.1975883884978988,0.17163371753152512,-0.03583496578198117,-0.3016923124360593,-0.07603292885853387,0.10488864312694361
2024-09-01,0.1618075715578351,0.31758666431932436,-0.12805409355165592,-0.12119221719064278,0.29632451446803815,0.059024192726988174,-0.13750498227703523
2024-09-02,-0.2270042083032773,-0.3381435512866086,0.014789841046462544,0.1585202816148459,0.07213525501340402,-0.060184657354898745,-0.06947893501132532
2024-09-03,0.3440854579192035,0.41676695311108175,0.028121559936039892,-0.14667707471597896,-0.6039323513998016,-0.05699210821827912,0.241069404970069
2024-09-04,-0.3737997361476863,-0.5451299572575882,0.04040407770853955,0.300995059169019,0.7310231684842036,0.24780187313138768,0.1829934055027796
2024-09-05,0.2084731699950204,0.5410077254363671,-0.029593862082141955,-0.2722828598867728,-0.5424368243015151,-0.2513147294946745,-0.7184662848807825
2024-09-06,0.1009802485625414,-0.28336493815450114,-0.18160844731167303,-0.05268987404035664,0.33531005563892946,0.16749722645608664,0.7180831442108766
2024-09-07,-0.2898134703238009,-0.110162250850026,0.32155085930747573,0.23020688841300585,-0.06118602032635727,-0.0847672179964325,-0.3903880075468549
2024-09-08,0.1459294152017705,0.3252329014948329,-0.10100791482958534,-0.17951464661090466,0.05448054950178607,-0.02141949390725205,0.1817672902053716
2024-09-09,0.0898803613856675,-0.20297148882339475,-0.2921746446256059,0.10322540742842357,-0.33124128252882445,0.033925929783782394,-0.16015958371334646
2024-09-10,-0.0552773765110243,-0.01365695367963921,0.4238421529897307,-0.1885894688543166,0.2931562327467359,-0.0048814898644856585,0.1753154935403813
2024-09-11,-0.1131038359748086,0.02592809580630013,-0.15485025603331914,0.3621420824686545,0.00762899365784593,0.0033620407159254758,-0.07519658459553856
2024-09-12,0.1329494307292839,0.11723108889391505,-0.1801287402028228,-0.23932941080844608,-0.055851907783939926,0.08005880880912833,-0.17364759498316115
2024-09-13,-0.0810295212130746,-0.19084638204001558,0.22794635913259612,-0.12019700924307533,-0.08690098822454492,-0.23002780938922993,0.33756491815885586
2024-09-14,0.0796982479375502,0.16565101337322838,-0.03431392182719717,0.2744989965899241,0.0441567774467228,0.3146629150983732,-0.26630153927431793
2024-09-15,0.0110084765596046,-0.09032868788211729,-0.14520499347332894,-0.19207153984244607,0.09240114284473862,-0.32496733806310124,0.056143760029212446
2024-09-16,-0.0904211176531216,-0.01266469691227362,0.1298287075188839,0.10041959253466619,-0.08555489874998923,0.07443415672112982,-0.007623677986069416
2024-09-17,-0.0176562654902222,0.058262288665469564,0.010884320578045746,-0.13336393190740084,0.0591903456724861,0.40501996814866387,0.21919319479449384
2024-09-18,0.0321182693897496,-0.018112395264049362,-0.0918133343071563,0.25875864539463667,-0.14652042881467964,-0.5260258130015726,-0.26486729418781857
2024-09-19,0.0593314866049384,-4.183859642175003e-05,0.07659189546920156,-0.2311515804767581,0.21597543257622528,0.3802969026843477,0.14640513131727828
2024-09-20,-0.0095749162145912,-0.028359483801480137,-0.023828382283301485,0.008021210223621424,-0.18113677614450158,-0.3435477949629374,-0.2313241966528275
2024-09-21,-0.0757537555532995,-0.0016619453554901548,0.008817646730723184,0.1332454627067601,0.10755144879511491,0.2206682042706553,0.261214093694987
2024-09-22,0.1639075783358684,0.1316243795424948,-0.07511017698927111,-0.16463376932219986,-0.06853821590932052,-0.2048936469338795,-0.11713635148266027
2024-09-23,-0.2425779686321833,-0.2761399464700638,0.13440963917352253,0.13450630545246012,0.13734124456349764,0.40210273456267615,0.012119962887657293
2024-09-24,0.0591367282586487,0.2808788169798539,0.008057853655965296,0.012098484308781583,-0.07339495842297761,-0.2662808876004323,0.22555110300755166
2024-09-25,0.2890238476794626,-0.016315665934448883,-0.2870183402258018,-0.10487614075746175,-0.22125755531048702,-0.16182967583010363,-0.4232531809139037
2024-09-26,-0.4340225646043855,-0.3902291157371765,0.3878404211613992,0.10136452454049712,0.25919194009575947,0.2788941869497856,0.26458961787623103
2024-09-27,0.3257747119890569,0.6140742325682703,-0.16156573449796,-0.11063553677046685,-0.005470601335941266,-0.07714643885013434,-0.07371930266237511
2024-09-28,-0.1386387522471919,-0.5184634318968062,-0.22020975918004324,0.07871351031584821,-0.11786921261513347,-0.011629045738053815,0.035509038357975274
2024-09-29,-0.018339346809019,0.2542175851236329,0.439770336823059,-0.11119632609920044,0.15259866000777406,-0.05573376225429523,-0.01746638010848389
2024-09-30,0.1574897275492721,0.022224763502635362,-0.33670539180920855,0.13905732036144852,-0.28150119106263316,-0.004013956384045746,0.04021702751907739
2024-10-01,-0.1276651724830883,-0.18243942886646633,0.01119421594122145,0.030372528691080952,0.3608401393533027,0.06297111560433882,-0.19596281733509088
2024-10-02,-0.0419365495722775,0.14710581515891114,0.25714280621149344,-0.19787620131987568,-0.30855063221926843,0.10635072144603024,0.3533313031597505
2024-10-03,0.018859470898801,-0.027827740087806564,-0.28786537642919974,0.2618690682129821,0.18172336351725882,-0.20353705963342358,-0.2658230865916808
2024-10-04,0.0369807652133927,-0.015220484043651276,0.14342074693313508,-0.24028650494878212,0.07156144855158407,0.14630557449603604,-0.09424540696928006
2024-10-05,0.0576323530470245,0.014745670574832523,0.010970745710862904,0.107860906318519,-0.2901826457679236,-0.12312730581062178,0.455195627827566
2024-10-06,-0.1297541861795229,-0.0869143529289352,-0.030949188101050323,-0.009772083210522697,0.20433041565064183,0.08884884769542431,-0.4592946751903602
2024-10-07,0.1477862090860137,0.19489354045209392,-0.0323060906397889,-0.055199456897692366,-0.011660168046009561,-0.11133654033585445,0.30766569362549945
2024-10-08,-0.0849215585892088,-0.2115960814749975,0.022602357844101608,0.09934768331013101,-0.004454064908816961,0.08868298454038175,-0.3079784799192724
2024-10-09,0.0113569234541029,0.1406134787581562,0.07625448081433182,-0.12801448491064424,-0.07679732599162098,0.06298082263231247,0.21278254008037406
2024-10-10,-0.0175802968300523,-0.06070981153666823,-0.11444030437720643,0.22271525621316984,0.082860692124167,-0.029917840120883884,-0.12235878556551862
2024-10-11,-0.0668611880800122,-0.01654183613736022,0.06289095021507174,-0.163948677310168,-0.009188049504958148,-0.09125315125513456,0.2816225737517138
2024-10-12,0.1749770085778805,0.12715397824692137,-0.026458005202989444,-0.05341147583795824,-0.02280502596273674,0.054232915343174815,-0.3086303715841238
2024-10-13,-0.0506807528620172,-0.17966691611538474,-0.03889250520295616,0.12463384256082242,0.030982734721869583,-0.08923542138059988,0.03650931340643474
2024-10-14,-0.2122697065562858,0.015662841315960845,0.19461850062334765,-0.08174117643298309,0.03210668812974856,0.30213834346687135,0.12056505060535562
2024-10-15,0.3073174113185779,0.2773123256062744,-0.2790290988901342,-0.024657582436033477,-0.16811537888537154,-0.4586914490663053,-0.007243769615160388
2024-10-16,-0.1353290733071425,-0.3889919915049663,0.11095677734474381,0.08014119142713298,0.08586930010363401,0.3849398940974373,-0.05661874288570404
2024-10-17,0.0106859152618495,0.2574096297813404,0.17886901243625433,-0.0030751029500003762,0.04947683332493151,-0.1827148803851047,-0.08745987994932954
2024-10-18,-0.1102503079391162,-0.13443348404317393,-0.2526596853511578,0.08099928941802527,0.04533521329379968,0.000515313953419855,0.1594985550871168
2024-10-19,0.1711414749037138,0.1693416829120787,0.03799230583581676,-0.23614986133933596,-0.13928067231028096,0.11422609891337798,-0.08175245911195247
2024-10-20,-0.1658035882345352,-0.259220863156738,0.1829241702068111,0.18431373132251394,0.20771049219989562,-0.010474542091162926,0.16605658295625014
2024-10-21,0.1995751316432842,0.30518737444290567,-0.17800991132595342,-0.02750714373687564,-0.2909658246798834,-0.19011322745778167,-0.3256035413123465
2024-10-22,-0.1901860555885057,-0.3200347565998088,0.04216886199828672,-0.07667460102206268,0.13051318106119963,0.1581219508482308,0.3176960498774353
2024-10-23,0.1828328678238312,0.32786094203741956,0.022130147741560267,-0.0014189236158737388,0.1736371314526357,-0.027733857689331943,-0.24495596432651895
2024-10-24,-0.1945576105481148,-0.32358838400097584,0.011354413642438143,0.09685474518500667,-0.29726847165291526,0.018806350807063953,0.11423067962407199
2024-10-25,0.2491036045732735,0.35645227704548044,-0.07572707309365946,-0.010361319925585102,0.16828480544741856,-0.0917519354344008,-0.06045420416060251
2024-10-26,-0.343366552364481,-0.4479605709357409,0.1244296855002017,-0.042967282517829455,0.050835596328373325,0.15468773488113247,0.0893596511289803
2024-10-27,0.2374590492956938,0.4859867753456747,-0.08161231780062832,0.025569605075391282,-0.1293343754747744,-0.1613746041709566,0.04668461854210638
2024-10-28,-0.0080361197905018,-0.34370760774388126,-0.0734189390555608,-0.024084227903909457,0.12208496011474712,0.08005083546416362,-0.07810909721605581
2024-10-29,-0.1295424844075173,0.06198494195481165,0.2110258268138102,0.034704180128007744,-0.023743687503573304,0.09217531561761964,-0.08805806482905938
2024-10-30,0.1798639893097859,0.177242836171438,-0.15471141017960646,-0.14477331814915612,-0.1323407441082562,-0.13734108971532602,0.13607282524809855
2024-10-31,-0.0113143237161898,-0.1951685142954145,-0.11703923357838016,0.13529333160101026,0.02287116446074561,-0.03972966936100905,-0.16416926680533275
2024-11-01,-0.3236827824642524,-0.0662485401558604,0.4263293852304105,0.04254614982980207,0.16917778209505852,0.20801552856259956,0.3329815247773255
2024-11-02,0.4182125986443092,0.4309119380980398,-0.4531150391855,-0.05549283832135806,-0.12252395500348656,-0.19744318803962488,-0.4823993739838656
2024-11-03,-0.1389725333819061,-0.5241307542742505,0.0800902699576821,-0.010698291092797687,-0.06792314470529573,-0.04229312315945174,0.3905389898531461
2024-11-04,-0.0527262704541807,0.2846637209688466,0.32060185067191904,-0.07337079277205888,0.17442572065795375,0.21531210414892268,-0.1368523557103799
2024-11-05,-0.0211200509789877,-0.04707346501196859,-0.3768073642796037,0.20006468528982205,-0.08429824716050276,-0.0232779276676565,-0.10868414719654314
2024-11-06,-0.0415673420376843,-0.03433246379540713,0.12413573367865305,-0.20098239349231367,0.04696707402438384,-0.20340519399991094,0.3021354930327272
2024-11-07,0.1145094808291715,0.07681103253716753,0.14812358962250616,0.05354874151513924,-0.08687500375045167,0.26670229516901084,-0.19887923124377174
2024-11-08,0.0022808136461449,-0.0980038177219451,-0.2015930932039188,0.0936587334674466,-0.03567869497621212,-0.2587089355398379,-0.07424119856622793
2024-11-09,-0.0625543555919758,0.025784319107913248,0.13154961690695494,-0.08101549034392908,0.14945738096518413,0.1524837481420484,0.07149557400994216
2024-11-10,-0.0437340545296826,0.02128437549751193,-0.03201091692666777,-0.006398169398642964,-0.0015620791437066532,0.0364448176515458,0.09895622611022192
2024-11-11,0.1341834696265713,0.0669443872175433,-0.05611923892115485,-0.024981200583774017,-0.24973486724090707,-0.2005187419803841,-0.13075756075743206
2024-11-12,0.1605550800549644,-0.030536507203059445,-0.012793533189351638,0.00375633970429913,0.18608140543775242,-0.007075496995050374,-0.01989610108175224
2024-11-13,-0.4528429135400305,-0.27367456914207394,0.19303991985337676,0.15629838751316388,0.10407897114996244,0.3219146968898339,0.09083703753163665
2024-11-14,0.3122529843253427,0.5531154838223706,-0.24802946952870203,-0.227003310931816,-0.13381568990204465,-0.21635334634236975,-0.07744775122671652
2024-11-15,-0.3046600498505975,-0.6050278090755283,0.06802382357108433,0.31705356632057596,0.009198151289067053,0.16971533901578606,0.1847473903392459
2024-11-16,0.330010556839945,0.5404196215430415,0.1804842632623335,-0.33742704017449365,0.042419270423099,-0.26233184525626424,-0.13731635399984318
2024-11-17,0.1352005845487133,-0.31232048163699194,-0.35496503046700556,0.036873156212128874,-0.22198197591175423,0.023801549148192755,-0.11885531806571915
2024-11-18,-0.5070250213962982,-0.18275829646424938,0.37955602503635766,0.1822720017749307,0.4021861097056874,0.20207478248022132,0.23141073225075426
2024-11-19,0.3827745074565455,0.6132857137078318,-0.18589809852743797,-0.2884882803041322,-0.3446390462485199,-0.17763216700157122,-0.21398820252432366
2024-11-20,-0.2618540369220157,-0.6589387694243609,-0.12813379818608842,0.4653517611546861,0.27686979491881664,0.16070679745310587,0.23780090796949913
2024-11-21,0.3066130703223516,0.5358513338859423,0.364511256061634,-0.4279577380796826,-0.30047379606602775,-0.17870375437838612,-0.33111674626003645
2024-11-22,-0.3652968030643464,-0.5333662516818796,-0.2611549723439405,0.3897922594533695,0.38692175593320133,0.27067134723635394,0.423085549190067
2024-11-23,0.248348723000409,0.5364098185456342,-0.006360569392319104,-0.3190013898365638,-0.4230851838027688,-0.2787955996575246,-0.21632786748152183
2024-11-24,0.1168112922853729,-0.2978490490880707,-0.01163824883737447,-0.1287031314645515,0.152630018860376,-0.03805499966886207,-0.2356000069335136
2024-11-25,-0.0883038866789173,0.004150031392206507,0.10331917425382718,0.3259955867722471,0.04628581489779222,0.218968715562948,0.3205184810375223
2024-11-26,-0.3069357214673404,-0.03801199478347868,0.10998383394921299,-0.20070897469650098,0.04088079314853822,-0.04791085066498417,-0.07077489055486158
2024-11-27,0.2001020877494727,0.26657914566776847,-0.3378365514676192,0.3215454633608945,0.023434079302365244,-0.021222137954992545,0.021133324320349724
2024-11-28,0.1454578048148053,-0.21990290758565886,0.17951277791328304,-0.44872299741598026,-0.045474336467366275,-0.09587372923417706,-0.08594517547960252
2024-11-29,-0.1710485456497747,-0.08323571099696347,0.17187559867688337,0.49775247272511025,-0.23861757703331057,0.19302719179361338,-0.0070076079170135665
2024-11-30,0.1635068876183756,0.2767294881649171,-0.28084127639582246,-0.4262735338010712,0.3281576836352443,-0.23771316744439072,0.028194265696799527
2024-12-01,-0.2704050391478963,-0.3397893610481108,0.07519899229273624,-0.020003998932482548,0.01340884610789673,0.29708341133764016,0.07957893281649644
2024-12-02,0.1913088085561608,0.3680289824923396,0.18533675596725827,0.23332532839772777,-0.18372691224805804,-0.27112150777182903,0.0009996304122119868
2024-12-03,0.0781272517630354,-0.22981478099857494,-0.25629116420650216,-0.025210194636053538,-0.016553690420868992,0.10421462827537406,-0.1035171966331636
2024-12-04,-0.1451491894805028,-0.028633056986526916,0.1865123535226815,0.06869129648180203,0.0034617187724590823,-0.06574444971558058,0.00583871614302037
2024-12-05,0.0903000549104067,0.18623480521127295,-0.09058621587472014,-0.30646588335771374,0.09042164850610689,0.10474121718096742,0.06181151492095297
2024-12-06,-0.263274130693117,-0.2728876487952553,-0.010600742255449791,0.4393584837632659,0.0858400056225864,-0.038767727393600224,-0.012081382219174533
2024-12-07,0.3649146435760318,0.4150508963233404,0.0635051192556078,-0.42301369149269613,-0.19701061457108388,0.0492593353467681,-0.07031960418667807
2024-12-08,-0.1930091239977264,-0.4845060469114035,-0.06780794085151125,0.2215184944333147,0.060645184369533874,-0.05994176452686819,0.08146545828872057
2024-12-09,0.2745080069143838,0.4631579423651519,0.011273152906010886,-0.22167922537029808,-0.014935541216737626,-0.18153574503272124,-0.13004010178629025
2024-12-10,-0.5016966180133314,-0.5464140630618135,0.06284580792538742,0.35193920031814496,0.3401800647059748,0.4270071732287085,0.2806966954589142
2024-12-11,0.2000109894176598,0.5873969576680244,-0.008115362802490322,-0.10190340341088207,-0.4720769332502739,-0.27359941001652044,-0.20759542193970354
2024-12-12,0.1488223917296713,-0.3192882892581121,-0.13024486925302442,-0.21224451259484847,0.22288934476214872,-0.07483458554134464,0.013909929957135189
2024-12-13,-0.0266312760724448,-0.01078181431585854,0.1784821713055168,0.28591280527905677,-0.274355168412362,0.25736950468663616,0.07616730648394282
2024-12-14,0.055513477382856,0.124403610434338,-0.0684153280202734,-0.3673390266599724,0.2828557071171396,-0.35284204186002066,-0.20616684117475226
2024-12-15,-0.3686053912532913,-0.24221587879377426,-0.06615680548413029,0.4565221474023936,0.26076086693521444,0.342694713750178,0.2094671012814
2024-12-16,0.3839848492116607,0.4784379312697492,0.08988511293584188,-0.4798024850102529,-0.6046342117120812,-0.20218174339209893,-0.10504263232470383
2024-12-17,-0.1690430694228467,-0.5397812003201233,-0.05949150405368139,0.3912054759614689,0.4233508248291186,0.11266662670373609,0.20696194292967995
2024-12-18,0.1831124781088387,0.4094482235789475,0.09366510621705101,-0.15318703819049895,-0.3293970391040501,-0.07606963868146904,-0.36019905437404726
2024-12-19,-0.0891940049857461,-0.2582298457116334,-0.21306578401880957,-0.1075343374981684,0.32080661614878836,-0.028848477673708933,0.27968237498061177
2024-12-20,-0.4775623874255715,-0.09132035756083305,0.323768990652175,0.3902279667721645,-0.1318411472348737,0.29188131166489556,-0.011557838021113542
2024-12-21,0.8077347224876908,0.6967459689659254,-0.33332905230952925,-0.6257485601009586,-0.11196769299488558,-0.4520042811118345,-0.1400891714207688
2024-12-22,-0.4193107405514008,-1.0139822273022376,0.06984295637689442,0.5631449409733437,0.2751954636968241,0.2881442030866719,-0.0511643982721979
2024-12-23,-0.1586617376243613,0.6227064144625445,0.5010656804124816,-0.33389425008111895,0.02110972348405178,0.0007594584354946063,0.3022543693239077
2024-12-24,0.288070817285419,0.03938751922751874,-0.8038133607851697,0.2393942883192416,-0.45220292399153844,-0.30306907546122314,-0.31601772007421897
2024-12-25,-0.0381773209641716,-0.29774822465671325,0.3600650311880747,-0.21390849362399883,0.21414156463241865,0.3721037879115439,0.2855108742979836
2024-12-26,0.0500191515994221,0.20175292163233474,0.33351354321787363,-0.04055116229696152,0.12059477487177071,-0.27179764583683225,-0.30268962692602724
2024-12-27,-0.3173791675043312,-0.21795269360383623,-0.4639886364812909,0.5019439134202405,-0.00954118682571976,0.42780743887833733,0.20675226870614558
2024-12-28,0.240702237186985,0.3665687819607422,0.12553047642250334,-0.7099856299315422,0.04057395968674796,-0.3964502900279314,0.03359578764868344
2024-12-29,0.1067650048795386,-0.2729589120162119,-0.0054895408934709745,0.43282505042245933,-0.3242314191974459,-0.17826148060477418,-0.24592776910449363
2024-12-30,-0.2195508125129674,-0.06096260147791999,0.1824475615381018,0.016647518093172605,0.3070498825703621,0.5410127569655828,0.15426536422974016
2024-12-31,0.1896156776264944,0.3031100096008568,-0.24233040247547483,-0.20520647922933916,-0.03385483976149981,-0.43266383916533685,0.11545710324896562
2025-01-01,-0.3232021252828854,-0.41007460105119853,0.056962616539569785,0.08873614236886047,0.03669734271433435,0.4125935453644982,-0.15306569493626274
2025-01-02,0.3658910189533864,0.5078849335334281,0.13963650050801946,-0.16752810857773606,-0.09545366759817009,-0.46337364150082605,-0.03438162985018075
2025-01-03,-0.3029369171441372,-0.5732328639930919,-0.10953600024422552,0.6195748023844737,-0.14216434712376116,0.4734016111565682,0.14956732811429901
2025-01-04,0.4062213481387655,0.6065831314269267,-0.025583692551514912,-0.7901807360002915,0.2175879293325596,-0.44615651826471875,-0.1498192917914455
2025-01-05,-0.4175004576683762,-0.6494409387365877,0.05938185292114539,0.34963732587606533,-0.022096276927486336,0.15886967642057506,0.16372821940607737
2025-01-06,0.1394875893756876,0.5672659055078857,0.04769374958463248,0.16759235390675623,0.1637678930738766,-0.0065922399590144926,-0.06914612976273822
2025-01-07,0.2599967151584608,-0.17683799000370118,-0.24642432705634118,-0.4106329800204177,-0.5339449969414078,0.07097279508024522,-0.17333890017265366
2025-01-08,-0.3886996113406484,-0.30528386147365283,0.29546365146145176,0.4353764413852799,0.35014450864191227,0.09320060312899572,0.30531142632943215
2025-01-09,0.2231896354750287,0.5150659890419047,-0.051018217797319805,-0.3906730171372147,0.035009519021333445,-0.2559112370405502,-0.19601369366440954
2025-01-10,-0.1969746141648044,-0.4554066366277726,-0.2961297874373949,0.4736671405166596,0.03479791749751785,0.2416211641160987,0.030006008136422055
2025-01-11,0.0406449691623282,0.27111032376285227,0.4691731017314881,-0.4292916092944761,0.05432233472349114,-0.12761495221418603,-0.116875124743573
2025-01-12,0.3503203413936098,0.051688248389829584,-0.40000302644679,0.063150467415774,-0.475151017640038,-0.02187262989620538,0.2114806521217315
2025-01-13,-0.2600035728716505,-0.3513774643403585,0.1318567648011826,0.145010868723449,0.436492103029825,0.008773722873346636,-0.12784253935051818
2025-01-14,-0.1865976630518883,0.2623180035738948,0.2628790027174246,-0.1893340022516092,-0.04598756262199674,0.06494843571757566,0.25085219083818106
2025-01-15,0.1651062499279154,0.07746429067736146,-0.44223957171970046,0.35912741486509975,0.05501398626138557,0.008448540256228881,-0.2584594753643846
2025-01-16,0.1764409605020791,-0.11755152762734496,0.19859617904806542,-0.43388230538627853,-0.12320943010513306,-0.17931414907597343,-0.24036084765677315
2025-01-17,-0.3063118881720629,-0.1925222149726152,0.2601773005951647,0.4458223468604612,-0.3130482032164835,0.38694419383614914,0.6190103639958695
2025-01-18,0.2610840345470194,0.4352856932507365,-0.42414898214508817,-0.36928723556227605,0.635948095807443,-0.44028902306432693,-0.4689612699738933
2025-01-19,0.0712739349400147,-0.29944003634105815,-0.024990942616113985,-0.06041003991642031,-0.4446643981875446,0.1090234233212687,0.06581981631217039
2025-01-20,-0.496194218118491,-0.1695151269475849,0.5542975397774625,0.3508872006117279,0.09918576880064955,0.08995788199518318,0.17990007780500006
2025-01-21,0.3998571364685053,0.5815576750183317,-0.464081439483317,-0.2022964893941779,0.09850764591275528,0.1463324667747766,0.01393353673045976
2025-01-22,-0.0117574363269946,-0.5354062828872428,-0.13524681481379952,0.09421371979822536,-0.06675740060699853,-0.15860309319894217,-0.2450309578869438
2025-01-23,-0.1508770587123176,0.1378410071827461,0.5811142383683231,-0.16620683066002062,0.13491419488899373,-0.010060294396574522,0.04554905521869422
2025-01-24,0.130557759163846,0.16427505112002336,-0.47978663352707435,0.2524952095693974,-0.35971696878238496,-0.07052562746850315,0.003524215307585688
2025-01-25,-0.1160004257106946,-0.22695637438075367,0.028322103104582507,-0.14660116128418899,0.26978955037701596,0.042051769561098816,0.32656878463995714
2025-01-26,0.130750585543757,0.21461319246027996,0.29821111379652915,-0.29749571866603397,0.06946264972333181,0.19218040546765794,-0.3116668033660358
2025-01-27,-0.0754314007991724,-0.18795791523777047,-0.26102598805721317,0.5187199767977918,-0.18559258791469618,-0.24758362345386173,-0.0261710746613942
2025-01-28,0.0263437138459225,0.13307384735437958,0.07502427826893313,-0.1939239371769643,0.13739426728880622,0.12328007850681733,0.15939619747536976
2025-01-29,-0.1159009822425868,-0.11688071539053213,0.0423578685824951,-0.021771492068820526,-0.2170023147865798,-0.08227178941218473,-0.13999239943320443
2025-01-30,0.0974558410664386,0.14315831584441754,-0.06159924188343988,-0.03528141488869897,0.2967897939101622,0.01539345403876522,0.23117009095154922
2025-01-31,0.0457691977864441,-0.10251365823413175,0.01898833300984819,0.0469333070957773,-0.31911601273507906,0.33717298160829934,-0.2658394181700155
2025-02-01,-0.0013890055192834,0.01904353224837963,0.01506979711914077,-0.055525369739441555,0.3858136684419926,-0.627155234901672,0.027970285110207917
2025-02-02,0.0543113860760323,0.05308383566996011,-0.056173585283982336,-0.15526074389576094,-0.3871752924490454,0.3035579507175246,0.019733152838604256
2025-02-03,-0.390903041184464,-0.23983113086280455,0.1451804982464991,0.5038469001539791,0.25245406891231253,0.3602129839280368,0.21078082701461123
2025-02-04,0.5691487791686949,0.5888561641524815,-0.21708194735307404,-0.5068772300122093,0.010386145058442776,-0.5866977712280605,-0.1512916579173066
2025-02-05,-0.4434911527360131,-0.8193324109734209,0.1282014733128997,0.30393021965474415,-0.14327431672059862,0.3125757219260241,-0.06479775996524305
2025-02-06,0.2467405229553897,0.7251219317006267,0.13139962602271293,-0.1098946945912769,0.07030136594669201,-0.1880024837095135,0.11366518493791573
2025-02-07,-0.1640873576953739,-0.48284867190194936,-0.3199244396426819,-0.02014638887904598,-0.08677118207522702,0.3403785684149388,-0.2544105678798276
2025-02-08,0.1371955027462604,0.3109952346293381,0.2175271335653397,-0.005646612497964495,-0.03793535178665064,-0.26530679664297857,0.41660462281613203
2025-02-09,0.0460843814281565,-0.15439386268048552,0.005236971149987987,-0.1291410157979481,0.30189241152651897,-0.10984666091901236,-0.24110242852193148
2025-02-10,-0.2441172174168085,-0.08622271418420789,-0.058351499766448184,0.43125417353635376,-0.1264168438052048,0.308344227589658,-0.0009490905983884043
2025-02-11,0.0551816399857365,0.21866069560595416,0.10504914389223864,-0.4375960566840217,-0.18766801091156257,-0.1698119206549001,0.08599620234683265
2025-02-12,0.2403500697082073,-0.03963362732950215,-0.276823028344976,0.2518120402218876,0.025257669812956803,0.10086600878222303,-0.22622747537363558
2025-02-13,-0.1706183806802046,-0.22279807534867674,0.3399218762961117,-0.1396275208447298,0.24338346301522434,-0.18296141275151728,0.34389367640468066
2025-02-14,0.0401228992639308,0.2618436464779429,-0.12902316946097414,0.07048367026565915,-0.28483687949261877,0.21491168954175788,-0.30133436590371154
2025-02-15,0.0030350131395057,-0.11410835965522804,-0.19439469025750072,-0.09655678954835623,0.22949943437791284,-0.3220316320159651,0.1864362625272465
2025-02-16,-0.0597656723075872,-0.011932282045219438,0.27526045509051084,-0.031505295329500894,0.09560769343607636,0.3667169829585629,-0.20506951430229306
2025-02-17,-0.1197714614437879,-0.019595709490618653,0.0019125356733007408,0.43340094987492367,-0.42311656179424856,-0.036066854493056716,0.19819294955821368
2025-02-18,0.4881805020170999,0.3033903940208291,-0.3642175426230112,-0.5760301249729265,0.18769073752234508,-0.5074658492375027,0.19268479019848958
2025-02-19,-0.59390951346805,-0.7013317910094791,0.4201199045383841,0.3556383610719406,0.21621488479429227,0.6710493939754562,-0.5308833878601456
2025-02-20,0.2256554868933584,0.7743620972150395,-0.04636911215927995,-0.12115942527162628,-0.2119378900202546,-0.3121744450019887,0.3505742709278889
2025-02-21,0.2851952478277252,-0.31400475631267427,-0.48454646948997926,-0.08185997247245537,-0.030476804849017075,-0.023752701782844485,-0.002826132424091316
2025-02-22,-0.4770035039463375,-0.32336898568812167,0.6821496619314332,0.15941604551807653,0.12797634485739678,0.2669496886256278,-0.05827930597644435
2025-02-23,0.2505535793185218,0.6023416848665465,-0.21944610020554065,-0.10543649721133996,0.006173723037856327,-0.4281538789762205,-0.05206345056939606
2025-02-24,0.2199436398957489,-0.3039776033528433,-0.5596774703135718,0.1034469838603121,-0.19094554469767894,0.05255478842602897,-0.175225412549212
2025-02-25,-0.5300084392094337,-0.2935359220293179,0.9008985672012784,-0.10966870385113975,0.26998538233523184,0.49501196355741145,0.5503108680436473
2025-02-26,0.4572723089289134,0.7115140266779236,-0.5158958903294812,0.06367306249809151,-0.28704710956929236,-0.4288801154937804,-0.4374246697934398
2025-02-27,-0.2601441591977598,-0.7206245611340522,-0.17471679769257462,0.05939875567664689,0.18782219967410108,0.03312135810060649,0.038470338197309904
2025-02-28,0.1896084246562076,0.512803263399428,0.5266280912973466,-0.31281384416579594,-0.04187380238664059,0.1147190836797076,0.06690169782787457
2025-03-01,-0.2378812595108707,-0.3869760652302659,-0.33490239687376055,0.44706979243218525,0.10733079314061815,-0.050184998524455016,-0.02384734838578002
2025-03-02,0.0069124510450299,0.26399510207533106,0.06665929582560301,-0.14684587319168393,0.03900403861221153,-0.058456068507186765,0.28155009404153736
2025-03-03,0.6648979296398148,0.2162670818819177,-0.1849999361739004,-0.41635223759482937,-0.6604003962077469,-0.0374861970055147,-0.6217727513070672
2025-03-04,-1.0846424824486902,-1.009743163882431,0.46167556560157974,0.644500481929313,1.045461309947924,0.3693853571661686,0.7788688682004411
2025-03-05,0.6456647905844398,1.417193865558189,-0.18597029738678214,-0.3238167552597392,-0.7449055476459278,-0.3876852994344942,-0.7463264823132758
2025-03-06,0.1432129072705825,-0.9279419812828515,-0.6358219594973678,-0.007352164358960156,0.1753723297876387,0.02247893041893925,0.4309745230616052
2025-03-07,-0.2404517286354418,0.11384474572374652,1.0040703306662202,-0.16400211337315834,-0.007669280440487508,0.05007345836387245,-0.11843579781904195
2025-03-08,-0.2599374947497042,0.1034460633119474,-0.3312950449540156,0.5428305133090546,0.19270215396076015,0.2531927726948056,-0.03485888462635867
2025-03-09,0.5379028899823447,0.3305219759019237,-0.7059742434151426,-0.39979098529662793,-0.17939970999948116,-0.4406077523943952,0.03411951732207175
2025-03-10,-0.283184625597653,-0.6470366196872608,0.8666086386444616,-0.4400352548072145,-0.065467898436505,0.23230536305802113,-0.020816044640030125
2025-03-11,-0.3428846130289482,0.2945976788832125,0.017962721311689356,1.2012182560789515,0.15265995849832573,0.20941427203777901,0.3390913052855181
2025-03-12,0.5590193176678633,0.3756274252781415,-0.7254950131202696,-0.9635179616120483,0.0032691945332305778,-0.2783839665121784,-0.35915312582667336
2025-03-13,-0.0312501974064832,-0.5740169535667355,0.33873521507091514,0.051645350471202466,-0.16241606078865536,-0.049339864085599164,-0.26745934528971194
2025-03-14,-0.4600137592101799,0.07369330861880609,0.6001792794961318,0.2932771999622032,0.26356471635358547,0.2612803031179402,0.4969568989607795
2025-03-15,0.3686126379755015,0.4875212430306229,-0.850757273962264,0.12502217178996486,-0.18856758373183508,-0.244703822090942,-0.05893587237581221
2025-03-16,0.0926165598941272,-0.44132302844385624,0.12282032665032344,-0.42397792358519437,-0.09438654478313022,-0.09251597419141984,-0.17287628971250438
2025-03-17,-0.3791563365029088,-0.06754337412506932,0.6859368672457753,0.03436975457384512,0.13210185682108821,0.5487889702445918,0.02947277306606987
2025-03-18,0.3247434526421419,0.4742070413944927,-0.7061029525480862,0.6480523039648393,0.17727403148881887,-0.6633582417482642,0.09115923445783963
2025-03-19,-0.3333776860923127,-0.590103770054785,0.11376971716090478,-0.5647809101445583,-0.3102069558831347,0.5685115028470527,-0.09492628399185057
2025-03-20,0.4412786833726687,0.624047430646995,0.28873661010663,-0.26962226794642835,0.012911718988710543,-0.4767273703382287,-0.1427457546879514
2025-03-21,-0.2835261896835671,-0.6197024377104831,-0.2800961974089885,0.5851894133265445,0.3577186719985272,0.31125959504884,0.40069635689572003
2025-03-22,0.0243819050092088,0.4348203558593424,0.17531570489414536,-0.13275926111102576,-0.45884611929773295,-0.12963026749960707,-0.2918984634468597
2025-03-23,0.0125654325851199,-0.1571372904309162,-0.12147310230190088,-0.3527829191455883,0.2689867141181725,-0.04359739603383926,0.0767891293953509
2025-03-24,-0.0210380917906019,-0.006532245659214674,0.04277921234404523,0.42267994809493453,0.17628198286093907,0.22409731724299814,0.015476645533364834
2025-03-25,0.061507221247535,0.052912839969098326,0.12468679238447042,-0.07690837004929738,-0.5308245489142256,-0.11546517630779932,-0.07532529625304923
2025-03-26,0.050805298343957,-0.02618752044661408,-0.2608974603142032,-0.08576642267936116,0.4365910705575375,-0.19890874586954457,0.13029249609459714
2025-03-27,-0.2095537975737431,-0.11085662618565667,0.2633453488107562,-0.18865288943337127,-0.13792051038010467,0.2685749959330318,-0.14764896327233898
2025-03-28,0.2591578875361678,0.3032546158088883,-0.18230186853305302,0.31147806709967163,0.004468656348307114,-0.20110511636419998,0.058837938140280745
2025-03-29,-0.1193002856715339,-0.34655018356096673,0.016115766505986864,-0.15193523518533456,-0.11989825621261554,0.06416963131732736,-0.032822420341709985
2025-03-30,-0.0656227630769766,0.18197731239768822,0.19060578520952998,-0.02535611399931162,0.04509364806581474,0.10442917784064816,0.1770999887562879
2025-03-31,0.0292025494061918,-0.002027855881926381,-0.22836546632837218,0.19884689008384718,0.5377052555709533,0.06612020182511416,-0.15693901188202222
2025-04-01,-0.0177144622976155,-0.06288064395313359,0.06662630142232397,-0.2045690951453845,-0.9197804491018644,-0.37998190881401417,-0.028705787466615743
2025-04-02,0.2644941056760679,0.1644166921443045,0.02517004969563392,0.009553875041834293,0.41809333998638587,0.31448538524661124,0.046777532164221994
2025-04-03,-0.4092980601836851,-0.4006831322565772,0.04587632393195654,0.11501946062883882,0.35650653221388284,0.07948926490813368,-0.13095905177207245
2025-04-04,0.1733921039671374,0.5056135938822484,-0.010593777792564197,-0.1171195921386791,-0.3196692582663944,-0.34518367351957724,0.41387240506777734
2025-04-05,0.0647218038055339,-0.29674345540337443,-0.1839649473245975,0.03843778627495021,-0.257104012998991,0.34255551181085325,-0.4749882185562043
2025-04-06,0.1730357288709233,0.13594384525126316,0.18888019620597832,-0.045821661250009485,0.3984544340546117,-0.30069258069020227,0.2321617751503075
2025-04-07,-0.5220422480243777,-0.35408157510494914,0.14202087292773102,0.24616676928451778,-0.015060321873168872,0.1436605225926793,-0.030062447554249257
2025-04-08,0.5383682441460605,0.7237249611262371,-0.4446123314652467,-0.2837893611257357,-0.5424482975080275,0.085877830981933,0.02333915572522828
2025-04-09,-0.5798525233786468,-0.9371639339140555,0.37225807297147806,0.0728923160910217,0.7636193624249429,-0.003593970492129729,0.08372774019836522
2025-04-10,0.7100230389092236,1.0417185413121324,-0.06819679538040313,0.04702207350110997,-0.371523787853137,-0.22820195930843995,-0.4598440781826489
2025-04-11,-0.5238079628325005,-1.0548362115827494,-0.15666451145698929,-0.0002709087945483101,-0.14312492429292872,0.17138874319078826,0.5948608139027711
2025-04-12,0.0458943858432882,0.7488890014479866,0.2969827471850827,-0.005261023409804735,0.29352508706372377,0.15729689777827957,-0.07626112879221518
2025-04-13,0.3266932734352001,-0.13392389252037096,-0.39052506706237045,-0.24639383199786655,-0.07323835239255269,-0.20961196220525485,-0.47407551077590127
2025-04-14,-0.3237781558025032,-0.36561898364574097,0.2497756336264877,0.5068095783299644,-0.1852855274310614,-0.3159286420688973,0.39022547653455675
2025-04-15,0.2017641376539456,0.49450157122612165,0.168043815144221,-0.46485661348474955,0.1937639884178208,0.7205069974975321,-0.10504398932811464
2025-04-16,-0.1851169340988398,-0.4009743789649374,-0.5054280269266854,0.3558672537386375,-0.18470610998148707,-0.3855287970156334,-0.012629854238978227
2025-04-17,0.0937233543881684,0.27940698127028607,0.4523021773438217,-0.3263279377782001,0.3074798239522672,-0.1768539921888281,0.0893840137450369
2025-04-18,-0.0104723180031673,-0.16506393449528564,-0.16052327542074696,0.2790198794974663,-0.22906616694088236,0.2019378539213675,0.020909440334292623
2025-04-19,0.0450980710613095,0.07940080336451877,-0.059833162221834185,-0.08819064289427767,0.007404431023521747,0.17048510773507994,-0.321205549465898
2025-04-20,0.0204449187815012,-0.02526844326193878,0.09094932971533598,-0.3285253097613454,0.01884345033205985,-0.4339427340169987,0.4199181452829315
2025-04-21,-0.0755092400397405,-0.029332429346077684,-0.05958744710076981,0.535949490384653,-0.03571122364872399,0.2687636996973768,-0.1491771478149163
2025-04-22,-0.1575486295051276,-0.019413901933311196,0.1406649197492036,-0.3457540230830172,0.17917613574182165,0.36517812156691937,-0.16402268089775962
2025-04-23,0.334974608856605,0.2415455952412316,-0.22612611125403156,0.2685783834054326,-0.16468205913146947,-0.6370294927816167,0.24053376681110947
2025-04-24,-0.2129152872755284,-0.41953627872509697,0.1626659202062862,-0.333314409900931,-0.018573642251261006,0.1448303300642758,-0.09625614561873799
2025-04-25,0.1318987622751302,0.3872793696960214,0.02345506188132585,0.2169901315047415,0.11765556559788157,0.2811489646472695,-0.23493657566582676
2025-04-26,-0.1034266056215789,-0.2535887596770508,-0.1958511703991381,-0.005022053881398486,-0.05399093442749217,-0.22041544653443265,0.44292988680553097
2025-04-27,0.0063935938924159,0.14236507427301953,0.18587536978668753,-0.1887887405637396,-0.02880888387216027,-0.07078796714650988,-0.32343202299723034
2025-04-28,-0.0067270210507629,-0.06133062584867774,-0.008320237704107517,0.22537682353729813,-0.0030236314448229143,0.28321968204910086,0.19248696071918184
2025-04-29,0.0801974456287012,0.049659060168494445,-0.1387772330353695,-0.03545058572456444,-0.032319876228271746,-0.28641462554533015,-0.21476884994312895
2025-04-30,-0.0280777658357132,-0.07230464040765926,0.11903215308553074,-0.1228373122874339,0.228574105489206,0.2591187302547944,0.22161852635774132
2025-05-01,-0.1633738048252222,-0.02362087022132418,0.016673857765739816,0.17904639209670067,-0.27861555524624737,-0.2193068761647184,0.0662073190482441
2025-05-02,0.2504560252969156,0.2263791587085447,-0.1253656925598269,-0.20929253816099794,0.038379222857756336,0.04761678705769902,-0.6121119256908518
2025-05-03,-0.1642965077507908,-0.3399447580204669,0.09682800502247398,0.12869415833249304,0.1364834563014052,0.08527988485697095,0.8893056749320588
2025-05-04,0.1373411044663051,0.31314319877113767,0.05160298389612288,-0.08264534101429105,0.09259980676883021,-0.08562018807033275,-0.566038546553524
2025-05-05,-0.111525942092813,-0.23622149180968344,-0.16315208344783586,0.0986764234236865,-0.4186631315834924,0.07605875274733566,-0.05228289206435356
2025-05-06,-0.0542541486922327,0.11929013111105957,0.15680464208358255,0.05305311746878521,0.4855634650589183,-0.007676655428813024,0.2728135033476781
2025-05-07,0.2230380586417111,0.09466462462649734,-0.12134059561725923,-0.26543243773210695,-0.5816614431772249,-0.18507840537163456,-0.018384119458202005
2025-05-08,-0.384101262963683,-0.3784449635959573,0.13717989600647085,0.41333572913884026,0.7821529809086958,0.40666145133896975,-0.13701372447989518
2025-05-09,0.4620259748442511,0.6164223627468836,-0.10260551819702866,-0.47013449685557707,-0.6608641797871958,-0.49158559816612996,-0.12565637267596133
2025-05-10,-0.429259540287636,-0.7356259392101088,-0.018141553576065905,0.37871898346591276,0.2257959865317685,0.36310865110401386,0.6725456111739477
2025-05-11,0.4944321970947579,0.7880628078139094,0.08671179370369253,-0.3414223119658221,0.06464439437867492,-0.25789672084589615,-0.8384582474872414
2025-05-12,-0.4678847144543472,-0.8011145688125679,-0.06889725864330025,0.3101936136961678,-0.0742243523344856,0.267835745428523,0.2576197950871481
2025-05-13,0.140611683957104,0.6479207661261625,0.11890051016732263,-0.07330442048622744,0.12242173460591979,-0.0792215772262444,0.4062039153710422
2025-05-14,0.1726611999673154,-0.24900704299552764,-0.23453492845802362,-0.22546405128599226,-0.24519659406561062,-0.3037395743865449,-0.47541053471127315
2025-05-15,-0.1287794556170768,-0.11074291763327408,0.1545073802835554,0.4161094240558312,0.1254367256861436,0.39279709590509115,0.033585975746141146
2025-05-16,-0.1012096302399267,0.1250504388047204,0.1716720870542154,-0.4038049773243862,0.0614625751356956,-0.06761978419222123,0.320616971452915
2025-05-17,0.1686371211197216,0.08944015575029293,-0.45858287984023677,0.30238293801414634,-0.05306603875550745,-0.15929935324103575,-0.3298023112534447
2025-05-18,-0.1715446287690592,-0.255794751305002,0.41566334540921107,-0.3326556749828143,0.10969117356993932,-0.027222803352152377,0.35953626139137124
2025-05-19,0.2372251637679759,0.3272853583894308,-0.11686811149470357,0.2680461239016109,-0.18581476730796884,0.2578832083559748,-0.4729167933879206
2025-05-20,-0.179979596111958,-0.34331968576993743,-0.11973915665783356,0.018407488396331204,-0.06286034486242371,-0.30423912763378874,0.3292525342554494
2025-05-21,-0.0313348743898308,0.22957703459660206,0.20260439077885303,-0.2220454118898701,0.33264780910863917,0.47042460437548106,-0.025287205078416898
2025-05-22,0.0049625383150867,-0.06940989020971945,-0.11724326898832199,0.28838007128010223,-0.2285446133761438,-0.5613916612696498,-0.05328756171773627
2025-05-23,0.3990224903738387,0.18721907212112374,-0.1548272434992931,-0.3672564426350264,-0.019403743201384698,0.16598309369554565,-0.08401583618345582
2025-05-24,-0.5514110165287014,-0.5539235509759541,0.3798208141573673,0.3773306819433301,0.11715217613004614,0.30436020644066697,0.15230690958373813
2025-05-25,0.1861981176312873,0.6787231815617293,-0.21651492263575858,-0.23099196945238273,-0.030396241229368473,-0.3668517045883413,-0.09673521588430789
2025-05-26,0.099856790079972,-0.36108765634621376,-0.23695532128632482,0.030793576716100123,-0.09753568992683224,0.18617217820956508,0.10375794222987517
2025-05-27,-0.0746801559993025,-0.009563081358739943,0.4411228244972112,0.08808429811193429,0.1187976867090793,-0.11215641815727471,-0.18248009526896244
2025-05-28,0.0092497444728506,0.1076598791086507,-0.13809936659310793,-0.07338870368258603,-0.012063553429309178,0.1453507285333979,0.09468808299210112
2025-05-29,0.039223896825886,-0.02454013365992976,-0.2949547543821085,0.04461118693101905,-0.17513932533300888,-0.10963045004683064,0.057450097784164995
2025-05-30,-0.0010905897801767,-0.022181852994879334,0.3373658166951602,-0.2246531447857355,0.21213567527551389,0.023245125231683723,-0.031440850508401896
2025-05-31,-0.1268584280928098,-0.04434015662162964,-0.040386107605489815,0.3577499774105754,-0.07104748120107424,0.03083928374758968,0.03268355011164886
2025-06-01,0.1062866122272913,0.14092456579408205,-0.13085092976379584,-0.09210103703600113,0.056229194496710745,-0.06706692897541099,-0.2095805400212698
2025-06-02,-0.0261782609006172,-0.15146692025985037,0.05215215297283741,-0.18127929303538398,-0.0634196833007245,0.06054242091855483,0.31620121115688476
2025-06-03,0.0217114576913456,0.0844912094586128,0.07411028391150903,0.13551167738781233,-0.07565083049557703,0.11349305063960427,-0.12177318844218384
2025-06-04,0.0303772810969313,-0.012391069882862734,-0.10978200274799536,-0.00510919821369626,0.1804346734440006,-0.2746233053507792,-0.09754705236161029
2025-06-05,0.0676505531473261,0.025903310954084085,-0.013907553833039127,-0.0632719906128441,-0.3702261147960433,0.11943441055116873,-0.19196807024474158
2025-06-06,-0.3665005892297371,-0.21975518092424115,0.22914625937695515,-0.029045332730136857,0.614986066385412,0.12354134688164099,0.6701485948675104
2025-06-07,0.3890211380164341,0.4859214811274733,-0.26598463218836543,0.18660981324526732,-0.6113010449676796,-0.15780360741181504,-0.7358490034977203
2025-06-08,-0.0916970581733463,-0.5020560145731772,0.010735002401693044,-0.12692730341909914,0.497601523438819,0.04703205242318864,0.6510916522569827
2025-06-09,-0.1681461787370322,0.17759649044462175,0.32918555998096205,0.04806017338274135,-0.32768342088772373,0.11790841774205345,-0.6310029611439177
2025-06-10,0.1822206408230021,0.1612322610347864,-0.37851089870299937,-0.0654492510118159,0.034104123998240796,-0.1822552596441842,0.4834451226147839
2025-06-11,0.0111090170078153,-0.20521487296794458,0.02443071269517148,-0.0316608672410655,0.1486252463955858,0.013893390400961858,-0.16361026269392973
2025-06-12,-0.0335391468900856,0.0699902248698213,0.32377002444550185,-0.051470612279529586,-0.09484895307469439,0.14838732156387746,-0.22459298511129538
2025-06-13,-0.0944379794260639,-0.020105622619543982,-0.2825515136242259,0.3019803779968096,-0.04670377706606898,-0.12354252738601391,0.3620113011811079
2025-06-14,0.0862042257126404,0.09163227021307613,-0.002546424477440875,-0.2470001601914646,0.09746868621044641,0.05672459411021458,-0.24399432488193434
2025-06-15,-0.1137026001969306,-0.16629956609424532,0.16590066029241549,0.06367459010333754,-0.08959424175935629,-0.03001377198951892,0.1838913759855295
2025-06-16,0.143452294887119,0.19658499569034138,-0.0972894250402503,0.060405516119400725,0.1420262460355847,0.0001310361234194893,-0.10356924815721788
2025-06-17,0.0235381326854443,-0.14414405208660672,-0.07781160303982487,-0.15007646973789554,-0.16786408350498458,0.025147103091295916,-0.04610629287215691
2025-06-18,-0.1595472336533441,-0.023853737763177257,0.17539432204559322,0.054279511042729524,0.0478682706630425,-0.07359976613047155,0.0972496964433434
2025-06-19,0.0573483741699076,0.15059339103616118,-0.08026143571266961,-0.04038014713652067,-0.015067852519922115,0.2644987469957054,-0.09026198891529012
2025-06-20,0.118243457128849,-0.06040120007101342,-0.1186064579010048,0.19974403055561774,0.2631424170634838,-0.43405582004959575,0.00023578963571504555
2025-06-21,-0.0841724558698013,-0.09391964526237497,0.2121850046936784,-0.2229108149869658,-0.4113265642701142,0.38310577178398947,0.17384789355897967
2025-06-22,0.0023604797635889,0.12009629337082445,-0.11533464600205483,0.1259138277727295,0.1546389233840181,-0.38337744208446584,-0.18243803884990115
2025-06-23,-0.2432694660893515,-0.17108175457876382,0.02349267951738089,0.10711325509250887,0.1825092152069468,0.5159712798778494,0.15320528284949064
2025-06-24,0.3958664127932544,0.3717942846672912,-0.05167537330188809,-0.30599550623775973,-0.22834660605109416,-0.3567984941095917,-0.24981122653780355
2025-06-25,-0.0691914366786868,-0.43102765875250243,0.0026974229921388647,0.13902615901837734,0.04075431195255624,-0.09027485927836273,0.14530608288329314
2025-06-26,-0.1450718174299038,0.17780706632845875,0.18138334353940533,0.048467819608055206,0.09741958241971944,0.1932394592977295,0.04350670907702803
2025-06-27,-0.0081923898989603,0.05863629425106839,-0.23133821009123226,-0.02908996049311255,-0.006563527608424446,0.07247139887274934,0.01179713317298444
2025-06-28,0.0718105567281949,-0.03238341966846753,0.01257969681503493,-0.021907969589778236,-0.13647390537000098,-0.1642208376352036,-0.0915688995473809
2025-06-29,-0.0503173047884548,-0.07888306297576558,0.2522163866950452,0.08238021445512353,0.10573354311197114,0.16223661150679786,0.04697287434263193
2025-06-30,0.1142943155257821,0.13092912446280344,-0.25387846271959386,0.03813363000538811,-0.061076666346912015,-0.26167942332153976,0.05196190924528355
2025-07-01,0.0614142942268459,-0.07178086780673255,-0.04479340664402747,-0.3184436258440277,-0.006444167285707103,0.10740663760048577,-0.21347914911525703
2025-07-02,-0.4772154742948162,-0.2292518598334672,0.3433236264699101,0.3653533394716631,0.22836344391463453,0.3235479357522992,0.356053072426498
2025-07-03,0.4720674340040129,0.6009315128130532,-0.30665749916923063,-0.1603993278541776,-0.14938667755335072,-0.3005682520843172,-0.33218562178472144
2025-07-04,0.0511581370363021,-0.5420396952082673,-0.10511256327301356,-0.08152205691850041,-0.3359804566752203,-0.3458840285183681,0.07792598363513151
2025-07-05,-0.3436427760132224,0.032774365271598986,0.5299707253829512,0.16218564152639672,0.49236164619815775,0.6474092803787314,0.22431500589599443
2025-07-06,0.1363764929013736,0.33098368748872975,-0.4578578372461464,-0.03318218265906177,-0.14301116920921914,-0.2340530989643849,-0.34624114035106823
2025-07-07,0.1276301985598177,-0.20489751132184508,-0.12987135751782733,-0.014868187222134307,-0.23088685302405074,-0.1532720701750889,0.36404755315028386
2025-07-08,-0.1240418332148368,-0.07988605014033352,0.5486168317460272,-0.18969771461604465,0.2567033058629357,0.1365458712264926,-0.35585158890906565
2025-07-09,-0.0512726892898996,0.12429474817837309,-0.31412604548728346,0.393667534684148,0.02632997112749745,0.0198683457530195,0.3438680395981865
2025-07-10,0.0136791101490537,-0.022282895114695465,-0.1228111828093304,-0.2597953569875483,-0.05022342713736911,-0.037373091066737495,-0.3779132462564122
2025-07-11,0.1453718408131611,0.03958086386932404,0.19357000904133537,-0.10276105809516384,-0.15057122429535175,-0.08652884642084774,0.33001729878634284
2025-07-12,-0.0016355394599974,-0.09230278717223045,-0.033229848855085134,0.20239544229494616,0.08408379531418143,0.0971752373935916,-0.12675331335698256
2025-07-13,-0.2235544895395049,-0.038894711728754944,0.03388467769982251,0.04063815878836426,-0.0038370330301606267,0.057219557516953505,-0.06525257187694967
2025-07-14,0.239064872289365,0.2751182943593351,-0.15508791769832594,-0.2661236190339418,0.0293650345963912,-0.13696012515022934,0.018584784504666867
2025-07-15,-0.1275507108829942,-0.34444135079469523,0.08997311903223837,0.11650923465521108,0.0849205112111469,0.07529368104679199,0.11627317733777752
2025-07-16,0.014282497770511,0.218524654059142,0.14356394394001845,0.2786091186964549,-0.19473629088185027,-0.03481606382389572,-0.11270651739233359
2025-07-17,-0.1136038257276816,-0.13457312280106326,-0.18769443028431215,-0.20148416062778127,0.1489589061734704,0.013856723204052068,0.20423529381512814
2025-07-18,0.3316250386276674,0.2565973733215744,-0.07111639726806454,-0.2907341414284922,-0.041297365946118124,0.07755183859046567,-0.39700394172236836
2025-07-19,-0.2764250790622266,-0.42731710669658957,0.24021887085442065,0.3164129854480117,0.017455692494230127,-0.1277606391726544,0.29641310302712975
2025-07-20,0.0238888468381324,0.3727674971904449,-0.05469842590612962,0.07238573896397671,0.004632648587707008,0.054858591523481944,0.045381195207489365
2025-07-21,0.0101587947014813,-0.15435905736427777,-0.17269966658872163,-0.23863689157683665,-0.20734282522644987,0.12816024619826466,-0.030557895936810388
2025-07-22,0.033843329610646,0.023268043669715043,0.1709417328023624,0.13709272330399314,0.322660876205545,-0.1612720519757825,-0.35266677857644013
2025-07-23,0.2803998459738771,0.12771968954491578,-0.0950814829350321,-0.12062792575235798,-0.19393924810438795,-0.19920777339194487,0.2722798894972336
2025-07-24,-0.5171581929482332,-0.44056206831016614,0.07461737139885412,0.3250815202404676,0.10835676801873537,0.3646916684638164,0.18632567493758814
2025-07-25,0.2102123189564327,0.6062489313840213,0.016069542220864232,-0.4104119017291795,-0.08863270736327539,-0.05650915728170788,-0.20083000550617824
2025-07-26,0.0730311728748165,-0.3735036936530547,-0.2453453260387125,0.15747951215076011,0.030120988650122832,-0.1236778432002995,-0.00829736766257706
2025-07-27,-0.0888922106521908,0.01378502195470457,0.4025568830094703,0.14384263673946043,-0.026114957984700784,0.14846336946024855,0.03170950448578905
2025-07-28,0.186865547456788,0.19536120684007197,-0.2566196289480529,-0.224094632874211,0.03961872633013583,-0.2248224924565,-0.10260638775678711
2025-07-29,-0.2551556679134461,-0.30508227038452307,-0.07120306788547436,0.1680311432056354,0.157901570519592,0.1375194690432354,0.10771811920672424
2025-07-30,0.1313927202267891,0.33877330901853797,0.2650396097707245,-0.2674168843854765,-0.480721579545187,0.04036708935248894,0.07466623659218324
2025-07-31,0.024141435721095,-0.2091288653694966,-0.25159327848126645,0.4078345343210383,0.39553770768750285,-0.059409745512961624,-0.08558291058260571
